name,id,genres,popularity,followers,wikipedia_name,country
Abderrahmane Abdelli,3TlJB7TJ85bysf83Y7bhhe,,0,32,Abderrahmane Abdelli,Algeria
Amar Ezzahi,2tCdo4TZ9Fz8eidDpdhlBl,algerian folk|chaabi algerien,29,29689,Amar Ezzahi,Algeria
bellemou messaoud,6k006zj8Ps1F8nf5A3TH3h,,0,0,Bellemou Messaoud,Algeria
Boualem Boukacem,0jv7jeWEvp8bGOVR6Ayvs1,,0,30,Boualem Boukacem,Algeria
Cheb Mami,6vZXamchcIOKzC1c3Elp4J,rai|reggae maghreb,53,592596,Cheb Mami,Algeria
Cheikha Rimitti,364dHqe2BwXqmOhgdBXpw8,algerian folk|rai,29,109227,Cheikha Rimitti,Algeria
DJ Snake,540vIaP2JwjQb9dm3aArA4,edm|electronic trap|pop|pop dance,78,8519328,DJ Snake,Algeria
Dahmane El Harrachi,0WtlXlCzfp2mJyINCsf1tb,algerian folk|belly dance|chaabi algerien|rai,36,103533,Dahmane El Harrachi,Algeria
El Hachemi Guerouabi,4sgdpsrVemff9aGDauF4J4,algerian folk|chaabi algerien|rai,33,39426,El Hachemi Guerouabi,Algeria
Fadhéla Dziria,0emJwpX3bw8is3DCRvV071,,0,4,Fadhéla Dziria,Algeria
Hamdi Benani,03abIyN4nwMjJqoXFTp1ZP,andalusian classical|chaabi algerien,7,1878,Hamdi Benani,Algeria
Houari Manar,3ra4NNbJbfJjY1gMculBXc,deep rai|rai,28,122880,Houari Manar,Algeria
Idir,73LjFn4z6WTV7MevyPxrRc,kabyle,43,129230,Idir,Algeria
Kamel Messaoudi,7yLOExurLKWUlj520esuAt,chaabi algerien|kabyle,32,41157,Kamel Messaoudi,Algeria
Rachid Taha,2URqJkDiySO0FRiAUq75FV,belly dance|classic arab pop,47,157845,Rachid Taha,Algeria
Souad Massi,0oXFsuB6XBuDTsXJgplR7k,arab alternative|classic arab pop,43,145574,Souad Massi,Algeria
Speed Caravan,1OTKiwBZfIsf8yHiiqjJkn,arab alternative|world fusion,7,1883,Speed Caravan,Algeria
Zaho,0vN920jukdAbErvjo2OJ2o,francoton|french pop,60,516114,Zaho,Algeria
Anselmo Ralph,1ts2oIXKCpWSRFnR78bulp,kizomba|musica angolana|portuguese pop|semba,50,271551,Anselmo Ralph,Angola
Army Squad,1YcKEhh64Kd4yA5RNIEdfg,,1,544,Army Squad,Angola
Bonga,0I6bdBR4Q7uoc3HI1OgI8C,afropop|semba,48,91555,Bonga,Angola
Buraka Som Sistema,6zUiRChNyL3HEezOd1Wjam,batida|kuduro antigo,38,84904,Buraka Som Sistema,Angola
Diamondog,5ccI7NDmwImlMvrt2MKNYh,,0,86,Diamondog,Angola
Dog Murras,5yLebnsC6CZ5jkxkP08py5,kizomba|kuduro antigo|musica angolana|semba,15,4246,Dog Murras,Angola
Don Kikas,4mgUfMSN3ZcadycYr07UJz,kizomba|kizomba antigas|musica angolana|semba,28,26842,Don Kikas,Angola
Neblina,5k03Uokr2zWNt3IFdKHnyf,african rock,32,1322,Neblina,Angola
Neide Van-Dúnem,4k25KvG6xPAWXiQBRSW6K2,,0,4,Neide Van-Dúnem,Angola
Paulo Flores,13y1zLuj38wQ2HtSSMa13M,kizomba antigas|musica angolana|semba,35,46374,Paulo Flores,Angola
Sam Mangwana,2p7l0MAzxkEwRHgtCcLVFB,marrabenta|soukous|zilizopendwa,28,28271,Sam Mangwana,Angola
Teta Lando,73WKmVyZVoX6HEonRILp0b,musica angolana|semba,20,8156,Teta Lando,Angola
Titica,2uOdrNlbkp8umXVeHU5F2s,,29,13393,Titica,Angola
Waldemar Bastos,4dkRAEhPMg16cSooMBSc7h,semba,27,7190,Waldemar Bastos,Angola
Angelique Kidjo,51qUDJb5AtQX6jIL4VJx6M,afropop|beninese pop|world,53,115111,Angelique Kidjo,Benin
Wally Badarou,7EjJWbZz0wsaAAt5zN0DOL,,13,4297,Wally Badarou,Benin
Banjo Mosele,5xJ9ywWcQ0juprg5TukUZS,,0,20,Banjo Mosele,Botswana
Joe Morris,6DLquZA1fNLT5aw9o1xPV7,free jazz|modern free jazz,7,841,Joe Morris,Botswana
Matsieng,19fq4LKab29v7cpfIElbKZ,botswana traditional,21,5548,Matsieng,Botswana
Cheikh Lô,6CFWXwqEBUi0UFoIIxmg9h,afropop|mbalax|world,37,55721,Cheikh Lô,Burkina Faso
Kebby Boy,318IjQBgCkhEXJPgd6nv0S,,0,28,Kebby Boy,Burundi
Khadja Nin,64X9DGiFHjK6Xn0ebXRNwy,burundian pop,29,12609,Khadja Nin,Burundi
Miss Erica,7qmCInALgViW2xSQI0xgDb,,0,0,Miss Erica,Burundi
Blanche Bailly,5AarOoNQR7sJVijD42GeFQ,azontobeats|cameroonian pop,28,27017,Blanche Bailly,Cameroon
Charlotte Dipanda,3qt4OYC2CeOuVjKtzGMobL,azontobeats|cameroonian pop|makossa,35,45781,Charlotte Dipanda,Cameroon
Coco Mbassi,6WEoVnikxs4Gm162L9nHjl,makossa,10,1236,Coco Mbassi,Cameroon
Francis Bebey,0mdmrbu5UZ32uRcRp2z6mr,afrobeat|afropop|world,31,48706,Francis Bebey,Cameroon
Kristo Numpuby,3he3EmnZUGDmdfvYvPXCcY,,1,143,Kristo Numpuby,Cameroon
Lady Ponce,4WF183Kl7QhmBH35vvQnzM,azontobeats|bikutsi|cameroonian pop|makossa,26,25908,Lady Ponce,Cameroon
Lapiro De Mbanga,5iyy4ghLfTZhWYtAZirwVT,makossa,17,9010,Lapiro de Mbanga,Cameroon
Magasco,19MUAFeICSgiIHN7C452LD,azontobeats|cameroonian pop,31,26582,Magasco,Cameroon
Manu Dibango,30UIjoCGuL3Fa5BOc3ayNW,afrobeat|afropop|makossa|world,46,78042,Manu Dibango,Cameroon
Michael Kiessou,0yGNAEq8iDVJxwt5QP2wrT,azontobeats|makossa,1,839,Michael Kiessou,Cameroon
Njacko Backo,62SgWTVbtX5WoRuolubfER,mbira,0,11,Njacko Backo,Cameroon
Petit Pays,01IMQph7TxbPLlWPbU4Esp,azontobeats|makossa,30,24183,Petit Pays,Cameroon
Reniss,3HBmhzaPHBXa5cHOvVnpr0,bikutsi|cameroonian pop,15,5316,Reniss,Cameroon
Richard Bona,70wm2qxYZ4i2KqcyyH2GyT,electric bass,43,104904,Richard Bona,Cameroon
Salatiel,3jO7uMLDPJngUhguQlaDFP,cameroonian pop,42,26128,Salatiel,Cameroon
Sally Nyolo,63YppDRNOmAKeYjBSITPTV,makossa,17,3646,Sally Nyolo,Cameroon
Sam Fan Thomas,2JbJuYv3mZFqheYEo0412Y,makossa|zilizopendwa,20,10753,Sam Fan Thomas,Cameroon
Stanley Enow,1FEzMUWFcZynVzahFj6Xny,azontobeats|cameroonian hip hop|cameroonian pop,24,17720,Stanley Enow,Cameroon
Wes Madiko,1UJZyIi6ooAqc41cK2I7vw,,0,215,Wes Madiko,Cameroon
Yannick Noah,0BCkVcs4QEgfHlvZ7rjSNv,chanson|french pop,49,131327,Yannick Noah,Cameroon
Gil Semedo,09vnXoFkZgz4LpDF0xWULu,kizomba|kizomba antigas|kizomba cabo-verdiana,34,26753,Gil Semedo,Cape Verde
Alpha Blondy,41ekW4MXG59xJMXR8dX1OG,african reggae|reggae|roots reggae,57,586049,Alpha Blondy,Côte d'Ivoire
DJ Arafat,0ipkUaXENFuJxWcCFfXXQ8,azontobeats|coupe-decale,41,126587,DJ Arafat,Côte d'Ivoire
Ernesto Djédjé,1kx4uuCLwvOUQNyXPEbmSb,west african jazz|zouglou,21,5667,Ernesto Djédjé,Côte d'Ivoire
Magic System,6MvRVq0CtpQQlwnIiszV8F,afropop|francoton|french pop|zouglou,58,221884,Magic System,Côte d'Ivoire
Serge Beynaud,5ec33wcEQ79fGKDP3SK6D1,azontobeats|coupe-decale|zouglou,42,81236,Serge Beynaud,Côte d'Ivoire
Tiken Jah Fakoly,3RhKSqhIE9U22yFEobw68e,african reggae|french reggae|griot,50,186133,Tiken Jah Fakoly,Côte d'Ivoire
Abeti Masikini,38w9EMjb1445duHDFFgzLg,soukous,8,4380,Abeti Masikini,Democratic Republic of the Congo
Avelino,039zhJoEkboZ8Ii6K40Fb6,grime|uk hip hop,53,159420,Avelino,Democratic Republic of the Congo
Awilo Longomba,0WDUZIWwoxCyAfT7NFFSFT,afrobeats|afropop|azontobeats|ndombolo|nigerian hip hop|soukous,39,49467,Awilo Longomba,Democratic Republic of the Congo
Bimi Ombale,0jzPViUvY0u9Ug8pMhokzT,soukous,3,1405,Bimi Ombale,Democratic Republic of the Congo
Bisso na Bisso,1jlwPYUQdkh74aHWRHa7hF,old school rap francais,26,4492,Bisso Na Bisso,Democratic Republic of the Congo
Bouro Mpela,6C5U6WlduKGyzb2yKxebDi,,0,1,Bouro Mpela,Democratic Republic of the Congo
Bozi Boziana,3Nrcdm5eONeqS70qbKKtYx,soukous,21,16413,Bozi Boziana,Democratic Republic of the Congo
Dadju,4sbXXFzEWJY2zsZjelerjX,francoton|french hip hop|pop urbaine,71,5056805,Dadju,Democratic Republic of the Congo
Damso,2UwqpfQtNuhBwviIC0f2ie,belgian hip hop|french hip hop|pop urbaine|rap belge|rap conscient,76,4500041,Damso,Democratic Republic of the Congo
Dany Engobo,3X4ycib3tkfoKCZp0HNpnB,ndombolo|soukous,6,285,Dany Engobo,Democratic Republic of the Congo
Diblo Dibala,07WvkAPYeLRf9lUjcKKFfA,soukous,24,15416,Diblo Dibala,Democratic Republic of the Congo
Dindo Yogo,3iiOzr5zQ8uY51a2ctRXlV,soukous,13,6836,Dindo Yogo,Democratic Republic of the Congo
Evoloko Jocker,3bhVfXxfjTkXJc5hPaIUyI,rumba congolaise|soukous,14,4906,Evoloko Jocker,Democratic Republic of the Congo
Fally Ipupa,6IflU2YrY5Cyw7YoBICosV,azontobeats|musique urbaine kinshasa|ndombolo|rumba congolaise,60,696433,Fally Ipupa,Democratic Republic of the Congo
Gaz Mawete,4WSA56zRr2ZBnbQqVNrMay,azontobeats|musique urbaine kinshasa|ndombolo,43,44833,Gaz Mawete,Democratic Republic of the Congo
Grand Kalle,3BwtfrNuPmkwSSo8lwcHGc,rumba congolaise|soukous,24,6848,Grand Kalle,Democratic Republic of the Congo
Jean Bosco Mwenda,5RXxusi6tdxMhVnSCSbvyL,,6,957,Jean Bosco Mwenda,Democratic Republic of the Congo
Jessy Matador,7kg2IelllVmw7WcnSFtlXR,francoton,44,33506,Jessy Matador,Democratic Republic of the Congo
Kalash Criminel,6ytOHdKh4xt4YvF7tz8Zcv,french hip hop|pop urbaine|rap francais,59,1446898,Kalash Criminel,Democratic Republic of the Congo
Kanda Bongo Man,4vW2jrWYJT4wDkjbhpubca,afropop|soukous|zilizopendwa,34,36966,Kanda Bongo Man,Democratic Republic of the Congo
Kasai Allstars,391GEzsFayFVG5aGEBkrtq,musique traditionnelle congolaise,21,3738,Kasai Allstars,Democratic Republic of the Congo
Kaysha,2DBaDAcrh5sf17yR1qbnsy,kizomba|kompa gouyad|zouk,52,67741,Kaysha,Democratic Republic of the Congo
KeBlack,7x3eTVPlBiPjXHn3qotY86,francoton|french hip hop|pop urbaine,58,1112263,Keblack,Democratic Republic of the Congo
King Kester Emeneya,5vj4zvjV6RwzPmV5BWJWjN,rumba congolaise|soukous,26,23618,King Kester Emeneya,Democratic Republic of the Congo
Koffi Olomide,7e14Bh8oZXNRmZxjhhTARb,azontobeats|ndombolo|rumba congolaise|soukous|zilizopendwa,50,272616,Koffi Olomide,Democratic Republic of the Congo
Kékélé,4qjqvzyR3Kq2W9puCX2wE7,soukous,17,4500,Kékélé,Democratic Republic of the Congo
LU KALA,5R1cUyk9ysrruOo4ErpGjg,,60,22062,LU KALA,Democratic Republic of the Congo
Langa Langa Stars,60OEHjPry6LNvUshItBTgf,soukous,11,7398,Langa Langa Stars,Democratic Republic of the Congo
Lokua Kanza,7vzd67tdMCwnIfIU6TX6Nk,afropop,36,34108,Lokua Kanza,Democratic Republic of the Congo
Marie Daulne,14t0loczakerhStTFLNsqF,,9,266,Marie Daulne,Democratic Republic of the Congo
Marie Misamu,0D39YXg1l9PNSvgNXwjs9D,african gospel|congolese gospel,25,24676,Marie Misamu,Democratic Republic of the Congo
Mayaula Mayoni,1w7kKB1h7Sn9wZOSsICyON,rumba congolaise|soukous,18,8475,Mayaula Mayoni,Democratic Republic of the Congo
Maître Gims,4xGSmbmXOgsCmLUcC7jLpp,,35,53561,Maître Gims,Democratic Republic of the Congo
Mbongwana Star,2zvrV2uB7FH9HAGsg93cMy,african electronic|musique traditionnelle congolaise,17,14769,Mbongwana Star,Democratic Republic of the Congo
Michel Boyibanda,4SgIz7Lkjzp7ZVV40c2eLS,,0,27,Michel Boyibanda,Democratic Republic of the Congo
Mohombi,37GUqxafAvAKGMZbXCUnmr,,59,332658,Mohombi,Democratic Republic of the Congo
Ndombe Opetum,6ZqbyNwSgLIYlRWVvcYpC5,,2,61,Ndombe Opetum,Democratic Republic of the Congo
Ninho,6Te49r3A6f5BiIgBRxH7FH,french hip hop|pop urbaine,80,8078764,Ninho,Democratic Republic of the Congo
Papa Wemba,6a4cdntqTPN10fph5A8zRQ,afropop|rumba congolaise|soukous|zilizopendwa,40,99848,Papa Wemba,Democratic Republic of the Congo
Pepe Kalle,6zK5u6YhHezhkI3QY485yV,soukous|zilizopendwa,33,20478,Pepe Kalle,Democratic Republic of the Congo
Ray Lema,3oB3hVEizagt6r6W7HEcbD,musique traditionnelle congolaise,24,4378,Ray Lema,Democratic Republic of the Congo
Sam Mangwana,2p7l0MAzxkEwRHgtCcLVFB,marrabenta|soukous|zilizopendwa,28,28271,Sam Mangwana,Democratic Republic of the Congo
Singuila,7uN1aqKCrD6Ju1sn74MPgf,azontobeats|francoton,43,233923,Singuila,Democratic Republic of the Congo
Tabu Ley Rochereau,7hYOOcRqfNzeE2CTpajd5a,afropop|rumba congolaise|soukous|zilizopendwa,32,36341,Tabu Ley Rochereau,Democratic Republic of the Congo
Werrason,3aU2pbMucMTW4NYF3ISuVO,,32,1342,Werrason,Democratic Republic of the Congo
Youlou Mabiala,1PxihtSz9fV6japGOZQqQC,soukous,11,3445,Youlou Mabiala,Democratic Republic of the Congo
Youssoupha,5DW7NxqQ2875JtjuV7KMn4,french hip hop|pop urbaine|rap conscient,55,611970,Youssoupha,Democratic Republic of the Congo
Yxng Bane,5AbLpsnTQVNB3OEadYiVrK,afroswing|grime|uk dancehall|uk hip hop,58,419073,Yxng Bane,Democratic Republic of the Congo
Amal Maher,5XP2oDdaTLdRheal4GRXyl,arab pop|egyptian pop,36,734245,Amal Maher,Egypt
Amira Selim,6qazVSVdR5SUEAQehbcEwy,,6,807,Amira Selim,Egypt
Amr Diab,5abSRg0xN1NV3gLbuvX24M,arab pop|belly dance|egyptian pop|persian pop|rif,61,5533067,Amr Diab,Egypt
Angham,0IiR4LJwslf6HBSdk9W3Dg,arab pop|classic arab pop|egyptian pop,49,1488546,Angham,Egypt
Dina El Wedidi,4dejJ4Gg0YVjWRUdfpF3yA,arab alternative|egyptian alternative,32,165392,Dina El Wedidi,Egypt
Hisham Abbas,6OQ7sfN0G1E2pZMhYW9wjG,arab pop|belly dance|classic arab pop|egyptian pop,41,449290,Hisham Abbas,Egypt
Leila Mourad,54s932fBfUwVfswHEuru5V,,0,0,Leila Mourad,Egypt
Mohamed Mounir,6hPNpOLunxxpXVwi696pYl,arab pop|classic arab pop|egyptian pop,50,1448990,Mohamed Mounir,Egypt
Mohammed Abdel Wahab,6EOZim46RHGGWpKqsD6OOG,arab folk|belly dance|classic arab pop,31,251595,Mohammed Abdel Wahab,Egypt
Mounira El Mahdeya,311tdQQATRFCdsp5KZOzw7,,0,57,Mounira El Mahdeya,Egypt
Nesma Mahgoub,68J05BuI8JQSdEwIyuBBVI,egyptian alternative,19,13422,Nesma Mahgoub,Egypt
Sayed Darwish,71JpZH64gTrr2Wec59WvNr,arab pop|classic arab pop,31,78157,Sayed Darwish,Egypt
Sherine,2Wk167T0fY1fABsHM5qFcI,arab pop|egyptian pop,56,4102811,Sherine,Egypt
Tamer Hosny,4cGfgRmpFc9zgZMfuSXhqy,arab pop|egyptian pop,57,3608059,Tamer Hosny,Egypt
Umm Kulthum,52lsD82iOqGtyfEMqWgk4f,classic arab pop|microtonal,46,1282392,Umm Kulthum,Egypt
Yasmine Niazy,4d7n0KlxJZN7ksxFgoteOU,,0,876,Yasmine Niazy,Egypt
Yousra,2hCrlLMEy5nMm00yVVOY6h,,16,18,Yousra,Egypt
Abraham Afewerki,3dcZdB8XnjdJHtbi3D22R7,,36,16071,Abraham Afewerki,Eritrea
Alemayehu Eshete,1IqLubILFDd8vFQhhAHwN9,ethio-jazz|ethiopian pop,28,10007,Alemayehu Eshete,Ethiopia
Alemu Aga,4q0ZpcyyESZprkOraCVUOS,ethiopian pop|ethiopian traditional,22,3628,Alemu Aga,Ethiopia
Aminé,3Gm5F95VdRxW3mqCn8RPBJ,pop rap|portland hip hop|rap|underground hip hop,73,1863084,Aminé,Ethiopia
Aster Aweke,6oCxgUP6Vdx3YIJb59Ia0L,amharic pop|ethiopian pop,35,33836,Aster Aweke,Ethiopia
Dawit Yifru,2y2JV6Tqy6QDTfHoiJO4sK,,6,71,Dawit Yifru,Ethiopia
Emilia Rydberg,5Hn391tSrbvIgxhohr8bCn,,2,130,Emilia Rydberg,Ethiopia
Getatchew Mekurya,3BJKbr8p7ED6GzAf1OeExO,ethio-jazz|jazz saxophone,29,11238,Getatchew Mekurya,Ethiopia
Gildo Kassa,6vL0Hxfu0HWRHF33vKlHIS,amharic pop|ethiopian pop,18,1885,Gildo Kassa,Ethiopia
Girma Bèyènè,3Ju4igVmFdATTU3dZdaHqj,ethio-jazz,33,12414,Girma Bèyènè,Ethiopia
Hachalu Hundessa,1mIFOiMXZXNcpi2E651Rwx,ethiopian pop|oromo pop,19,6466,Hachalu Hundessa,Ethiopia
Kiros Alemayehu,1Q7XTuYULkFLjlzaqiUfth,tigrigna pop,12,928,Kiros Alemayehu,Ethiopia
Kuku Sebsebe,6NqqiYuCnrKFWWuYJTwdxZ,ethiopian pop,15,2714,Kuku Sebsebe,Ethiopia
Lola Monroe,20OiMsBZdt90bBuku33KaO,alternative r&b,24,3791,LoLa Monroe,Ethiopia
Mahmoud Ahmed,1QrSgIS6RU4dgNPxLQMoha,amharic pop|ethio-jazz|ethiopian pop,31,26750,Mahmoud Ahmed,Ethiopia
Mulatu Astatke,7HGFXtBhRq3g1Ma3nH4Rgv,afrobeat|afropop|ethio-jazz|world,51,197917,Mulatu Astatke,Ethiopia
Rophnan,3LqZ41yvB4W7KSjEYLL31w,amharic pop|ethiopian hip hop|ethiopian pop,38,36290,Rophnan,Ethiopia
Tadesse Alemu,4SNqjAdSj9VuKl219LOdlk,ethiopian pop,14,383,Tadesse Alemu,Ethiopia
Tamrat Desta,2Zs6KrHoNQP1DIFQIiNaKE,amharic pop|eritrean pop|ethiopian pop,35,40881,Tamrat Desta,Ethiopia
Teddy Afro,08oMhAUN23C91R1zltrR6p,amharic pop|eritrean pop|ethiopian pop,41,91370,Teddy Afro,Ethiopia
The Weeknd,1Xyo4u8uXC1ZmMpatF05PJ,canadian contemporary r&b|canadian pop|pop,96,65185455,The Weeknd,Ethiopia
Tigist Shibabaw,2QdsnG0YnOgUKwzITSXdhK,ethiopian pop,0,34,Tigist Shibabaw,Ethiopia
Tilahun Gessesse,7dnoPx4TSBzkjY5PcqDjNR,ethiopian pop,23,4885,Tilahun Gessesse,Ethiopia
Wayna,7zMJpjs4CThffexhZZ5aq8,neo soul-jazz,6,6483,Wayna,Ethiopia
Oliver N'Goma,2uxhKBl696bCNHmtO9rnWc,gabonese pop|kizomba antigas|zouk,37,24728,Oliver N'Goma,Gabon
Patience Dabany,0I4hm86r145kyusXtEIqSL,azontobeats|gabonese pop|makossa|zouglou,26,11913,Patience Dabany,Gabon
Foday Musa Suso,2fR5toqV1xzB6zIRkB5ktv,griot|kora,18,1628,Foday Musa Suso,Gambia
A.B. Crentsil,1NocIilN5f2R0hYHAGcXGs,hiplife|old school highlife,16,12584,A. B. Crentsil,Ghana
Alex Konadu,6I9ktWYXwKyOqFRZGnsLGb,highlife|hiplife,14,4647,Alex Konadu,Ghana
Amaarae,21UPYSRWFKwtqvSAnFnSvS,afro r&b|afrobeats|alternative r&b|ghanaian alternative|ghanaian pop,66,171502,Amaarae,Ghana
Amakye Dede,64kcBAG5ToQkhbefHzdlsj,azonto|highlife|hiplife|old school highlife,27,49225,Amakye Dede,Ghana
Amerado,4vNCRfPa5uflWbtrBxEZew,ghanaian hip hop,27,62835,Amerado,Ghana
Ayesem,57qCTSQMNSJSI2bQjaM2q9,ghanaian hip hop,9,413,Ayesem,Ghana
Ayigbe Edem,62gw6t8l2MNO055BXAtiGs,,0,4,Ayigbe Edem,Ghana
Ben Brako,6lLx7n1C0vjYDYL5IexQNf,hiplife|old school highlife,14,9205,Ben Brako,Ghana
Bice Osei Kuffour,5ZrTn3ausVz9cJPpWbBGDx,,5,13,Bice Osei Kuffour,Ghana
Bisa Kdei,4AN8jBgYwV1ieMsX1Ntxwc,afrobeats|ghanaian hip hop|ghanaian pop,44,96094,Bisa Kdei,Ghana
Bobo Shanti,0iVlP1B0bsK0OYw8QwJJ15,,0,6,Bobo Shanti,Ghana
Buk Bak,6e6W1oSxPGjoF2iAp2AZtF,azonto|hiplife,16,7603,Buk Bak,Ghana
Cina Soul,16REP6XG1GtI5DBCrUF8fO,ghanaian pop,25,30336,Cina Soul,Ghana
Corp Sayvee,3EwQYYAfbdL46EfFs7thlu,,0,2,Corp Sayvee,Ghana
Daddy Lumba,5yeOizI77ma33LNac9KiZr,azonto|hiplife,40,113701,Daddy Lumba,Ghana
Danny Nettey,6GQaGd9hwNtiQG9pmFCnBK,,20,181,Danny Nettey,Ghana
DarkoVibes,5a3kizlLAxR0P6qZEti8T8,afrobeats|ghanaian alternative|ghanaian hip hop,41,97981,Darkovibes,Ghana
Dead Peepol,7vjygk5s8SSlcHrw0UYTpS,asakaa,17,1589,Dead Peepol,Ghana
Diana Hamilton,0THfCwaNsNEudsz9MciGdl,ghanaian gospel,37,104610,Diana Hamilton,Ghana
Dobble,4XtccTwSyAKxtIROf5opmm,,10,56,Dobble,Ghana
Ebo Taylor,2gR0iQTVBPHDKiNn1Kq8HI,afro-funk|afrobeat|afropop|old school highlife,45,82111,Ebo Taylor,Ghana
Ebony Reigns,3BWi20vO0Ymeh6exmnqQqi,ghanaian pop,12,4566,Ebony Reigns,Ghana
Efya,1dlInrJwE0KSP9hZ0ALsI6,afrobeats|azonto|ghanaian alternative|hiplife,38,48681,Efya,Ghana
Eno Barony,4tfgIbOiIFCXPEK3PwdBSN,ghanaian hip hop,18,43784,Eno Barony,Ghana
Fancy Gadam,3uDHTGGaPazfBhlfXtQyzc,ghanaian pop,18,19535,Fancy Gadam,Ghana
Fuse ODG,374sWpAJsbZckf98df2jJJ,afrobeats|azonto|azontobeats,62,135824,Fuse ODG,Ghana
Gasmilla,1Wtzdgd5YfWe0WWm9WN3l3,afrobeats|ghanaian pop,27,27031,Gasmilla,Ghana
GuruNKZ,7EudJgfS5TMcA35rPkFR5D,,0,0,Gurunkz,Ghana
Gyakie,1zO1FWFxxNUCqUuGATxZQZ,afro r&b|afrobeats|nigerian pop,53,314694,Gyakie,Ghana
Helen Yawson,34goSRBtsLT2CWD5jqvwfC,,0,1,Helen Yawson,Ghana
Jay Ghartey,3SjGMKhiEiJ6xTaT06aJJI,,0,0,Jay Ghartey,Ghana
Jerry Hansen,4tYMfPWS3RybBWcSeIcdGq,old school highlife,2,87,Jerry Hansen,Ghana
Joe Beecham,41cq43adSOe4eUbV9bE6x4,ghanaian gospel,19,15003,Joe Beecham,Ghana
Joe Mettle,1An6gOOlZ9NITlQs2ZtBCb,ghanaian gospel|naija worship,43,180127,Joe Mettle,Ghana
Joyce Blessing,4ilNroq4d7QN2djHi3IVZI,ghanaian gospel,30,47855,Joyce Blessing,Ghana
K. Frimpong,2LDOr6fxXh2JPduLAHzztr,afro psych|highlife|old school highlife,25,4436,K. Frimpong,Ghana
Kaakie,73hrHJczju6lFhXa1nLk76,ghanaian pop|hiplife,13,16878,Kaakie,Ghana
Kelvyn Boy,5Oq2X3BjCbFKPex2GVSDpy,ghanaian alternative|ghanaian pop,44,146706,Kelvyn Boy,Ghana
KiDi,14PimM6ohO2gYftuwTam9V,afrobeats|ghanaian pop,57,356965,KiDi,Ghana
Kofi Kinaata,6TQW172m1l4Tf4Hp55ZdDm,ghanaian hip hop|ghanaian pop,39,231433,Kofi Kinaata,Ghana
Kojo Antwi,01ramkYSW4rTNPKnneFa9D,ghanaian pop|hiplife,36,78197,Kojo Antwi,Ghana
Koo Nimo,59bMB4WpEgAIQCLiW7B5YU,highlife|palm wine guitar,6,2248,Koo Nimo,Ghana
Kuami Eugene,0GGKrcPOlBkmBzQDf2Ogkl,afrobeats|asakaa|azonto,50,226622,Kuami Eugene,Ghana
Kwabena Kwabena,6zKu61RG80pBKOMUbBKNMr,azonto|hiplife,30,57106,Kwabena Kwabena,Ghana
Kwesi Arthur,52iM1kP5BpnLypZ0VtrpyY,afrobeats|ghanaian hip hop|ghanaian pop,48,277714,Kwesi Arthur,Ghana
M.anifest,1DHw3LmhwuCZUaHtMhMpGX,asakaa|ghanaian alternative|ghanaian hip hop|ghanaian pop,40,52693,M.anifest,Ghana
Medikal,0pPz4oYqGp2Co2Sx7ORiYL,asakaa|ghanaian hip hop,40,133726,Medikal,Ghana
Mugeez,2xU6IU13MYie8RcM54Ovt0,ghanaian pop,42,2774,Mugeez,Ghana
Nana Acheampong,4cXlKyzDbtIT2IXX4zcHN1,azonto|hiplife|old school highlife,15,24911,Nana Acheampong,Ghana
Nayaah,2esjmM8zEyyRJhjGnXSz7n,,0,21,Nayaah,Ghana
Nero X,2gDeY5oG7BcmCI0LkggFXC,azonto|christian afrobeat|hiplife,29,32714,Nero X,Ghana
Nii Okai,11Et9X0hW3iphOl9GIQrCh,ghanaian gospel,17,15847,Nii Okai,Ghana
Ofori Amponsah,5JZrKd8FCWdpkGwn6iEkXg,azonto|hiplife,34,53966,Ofori Amponsah,Ghana
Ohemaa Mercy,0UZvkysizI1xwBTkcAPD8s,ghanaian gospel,28,43707,Ohemaa Mercy,Ghana
Okyeame Kwame,03PFnT5fu6TcuZMu1ZBvz4,azonto|hiplife,21,31090,Okyeame Kwame,Ghana
Osibisa,12X85dtebfc7JTZ8iMBT2o,afrobeat|afropop,31,32559,Osibisa,Ghana
Pappy Kojo,05wqlCGQReohsxStVBR052,ghanaian hip hop|ghanaian pop,33,54289,Pappy Kojo,Ghana
PHILIP GBEHO,5uj9vElhg4pAQCBYn0N2TC,,0,0,Philip Gbeho,Ghana
R2Bees,0LFsP7WPfu5inz9a1amcE4,afrobeats|ghanaian hip hop|ghanaian pop,44,152638,R2Bees,Ghana
Rascalimu,23K2PcySJsGoSVpMLP7coK,,0,5,Rascalimu,Ghana
Rebop Kwaku Baah,3wyEbIwQABjKO38ozmoMEX,,0,52,Rebop Kwaku Baah,Ghana
Reggie Rockstone,5Q73WzWI1MkAbAwi2ZhG8K,azonto|ghanaian hip hop|hiplife,11,13507,Reggie Rockstone,Ghana
Rita Marley,13Kn0OI9oXhBDXClb1hGy3,reggae|roots reggae,38,83071,Rita Marley,Ghana
Rocky Dawuni,4NQybqFNuJt02nyGh9eCEC,african reggae,22,7607,Rocky Dawuni,Ghana
Samini,10Cql6DpInZY5O6TBw2m4l,afrobeats|azonto|ghanaian pop|hiplife,29,81669,Samini,Ghana
Sarkodie,01DTVE3KmoPogPZaOvMqO8,afrobeats|afropop|azonto|azontobeats|ghanaian hip hop,52,442586,Sarkodie,Ghana
Shatta Wale,42q0rYXtR561ypg1Fcw1PI,afrobeats|ghanaian pop,52,234256,Shatta Wale,Ghana
Sherifa Gunu,6BJoj4g36ZksDM8aDhh9oQ,,0,12,Sherifa Gunu,Ghana
Sheriff Ghale,2qBWFBh8MlyGFmLd118mp2,,3,347,Sheriff Ghale,Ghana
Stella Aba Seal,53B6XB1bMjLmfRwSYkIqxL,,0,17,Stella Aba Seal,Ghana
Stonebwoy,2ayt5jDUuTCpoTG7sHSvuq,afrobeats|dancehall|ghanaian pop|hiplife,56,276964,Stonebwoy,Ghana
Strongman,4ISHXrztVcONj4mQCnwCs9,asakaa|ghanaian hip hop,29,62219,Strongman,Ghana
Tinny,0NYLVN4PyUYvQkADsUEpx7,azonto|ghanaian hip hop|hiplife,16,2153,Tinny,Ghana
Trigmatic,6GeOk96hWr4GEudYkrJ9Ql,azonto|ghanaian hip hop|hiplife,21,6464,Trigmatic,Ghana
Wendy Shay,5yrRN6GxtTSHbcw7qxPg4S,azonto|christian afrobeat|ghanaian alternative|hiplife,40,112033,Wendy Shay,Ghana
Balla Et Ses Balladins,2qNmQvibIVFYLfpbWmyWuO,west african jazz,29,12005,Balla et ses Balladins,Guinea
Daddi cool,5vkMBBx16tFwsYdhUmFyym,,0,6,Daddi Cool,Guinea
Djeli Moussa Diawara,1STuX8QuNFPvBPqrMdhXGe,griot|kora|west african jazz,20,1309,Djeli Moussa Diawara,Guinea
Les Ballets Africains,64s1xr6of0LOGYPokSE0bd,african percussion,5,1280,Les Ballets Africains,Guinea
Mista Shaw,0i8o5dWsSOGq1nxAuZZ9yH,,0,0,Mista Shaw,Guinea
Mory Kanté,0roLSs1WqlurDniSZ1pttN,afropop|griot|guinean pop|mande pop|west african jazz,36,23652,Mory Kanté,Guinea
Sona Tata Condé,7hu7d1gKFcJSIe0sS6ITaw,guinean pop|west african jazz,10,6630,Sona Tata Condé,Guinea
Eneida Marta,0vdtQahAxzU1jvuyer6ppS,gumbe|musica guineense,31,5837,Eneida Marta,Guinea-Bissau
Akothee,2S0OvD6ZP6lR9NxtuJSLyM,kenyan pop,1,814,Akothee,Kenya
Ayub Ogada,1f8646DgHta6Gl3eLxZTdk,afropop|world,39,37451,Ayub Ogada,Kenya
Cece Sagini,1uNLYXVlkK5JF4YojVMOfF,,0,56,Cece Sagini,Kenya
DJ Fita,3JZjnPldr5tbimjkX4kz49,,0,123,DJ Fita,Kenya
Daddy Owen,0C0jx86ffVZNW144tEpETy,swahili gospel,19,3263,Daddy Owen,Kenya
Daudi Kabaka,04cjSDZ9PsC83uYfoME0dt,benga|zilizopendwa,21,17685,Daudi Kabaka,Kenya
Eric Wainaina,5kUd6m1kXPaPjEqqxdNVMz,kikuyu pop,22,24803,Eric Wainaina,Kenya
Fundi Konde,2JGHlF8Gf1RsOV4zBphji6,zilizopendwa,13,3655,Fundi Konde,Kenya
GEORGE RAMOGI,3txakB5zN4291NqpeR5hoX,,0,0,George Ramogi,Kenya
Gloria Muliro,22EUP7xdGe9A2jzD7zdSxV,swahili gospel,25,51538,Gloria Muliro,Kenya
Harry Kimani,3rRh0EjTJ5vT7wiuhiWBDh,,0,0,Harry Kimani,Kenya
Jabali Afrika,5qF9WAxB1C3SxPdE1xp0wC,,9,339,Jabali Afrika,Kenya
Jua Cali,0V6gO3DpMzQxDs31TqdsXz,gengetone|kenyan pop,20,10622,Jua Cali,Kenya
King Kaka,36di6g7Y2kPVJAqOoKl7QS,gengetone|kenyan pop,24,53588,King Kaka,Kenya
Kleptomaniax,2EytSpY7E3GN2mNyw9Zq1v,kenyan hip hop|kenyan pop,21,16802,Kleptomaniax,Kenya
Mejja,5VnDOE1MEaJ0VOgSypOi3u,gengetone,35,99877,Mejja,Kenya
Mercy Myra,6fhCGven14FS4lN9hAOiiH,,0,0,Mercy Myra,Kenya
Mighty King Kong,1n2c6DjhrVkRxQ18dGhc7v,kenyan pop,11,420,Mighty King Kong,Kenya
monski,2uEzLopK7b8ZfwaCdMNty0,,6,118,Monski,Kenya
Muroki,3Nvjwz6gDry7Uume9kjCBT,nz pop,46,15928,Muroki,Kenya
Naiboi,4IbACJyPBYxvIJAJh8KOi6,gengetone|kenyan pop,28,22600,Naiboi,Kenya
Necessary Noize,48znaaOZUHStxTdZaCY1LM,kenyan pop,13,4347,Necessary Noize,Kenya
Okatch Biggy,3LxEXdfSWmaoTpKPvuPWFM,benga,0,3182,Okatch Biggy,Kenya
Otile Brown,25txWhgJAzekbAaHuDzmwj,bongo flava|kenyan pop,47,279301,Otile Brown,Kenya
Redsan,5l1GihPHkKd58oRfV4u4I3,kenyan pop,15,15102,Redsan,Kenya
Roger Whittaker,6pgfx4K1p1kT0RewXjmLfk,classic schlager|easy listening,51,131573,Roger Whittaker,Kenya
Sanaipei Tande,1kP9asYdOE5UeBmNVYZX1J,kenyan pop,28,13963,Sanaipei Tande,Kenya
Sauti Sol,4Rj9lQm9oSiMlirgpsM6eo,afropop|gengetone|kenyan pop,52,426007,Sauti Sol,Kenya
Size 8,4ZnnTnbEvzqmp1r52XTbBe,,14,6311,Size 8,Kenya
Stella Mwangi,0ypwPd6ZLWkYuNVRnRFor2,bossbeat|kenyan pop|norwegian hip hop,33,17945,Stella Mwangi,Kenya
Suzzana Owiyo,2PlnZcEAfYZcg3iTa4XmMu,,0,0,Suzzana Owiyo,Kenya
Tony Nyadundo,6i9hbtq2rwrPKn8vtOawpa,benga,16,4305,Tony Nyadundo,Kenya
Wahu,71rskhiIZ7C255cRyXfZOq,kenyan pop,21,18357,Wahu,Kenya
Willy Paul,3CCHaNvCKYNWWrAYo5C8TL,kenyan pop,35,149104,Willy Paul,Kenya
Benji Cavalli,3s0uWmX7VgsGjZPRV598D4,hipco|liberian pop,3,379,Benji Cavalli,Liberia
Bucky Raw,02x7Q25H3nf0iaVFPkOgPR,hipco|liberian pop,12,3898,Bucky Raw,Liberia
Christoph the Change,4e1YRU8oKuXl5uvxstJuqe,hipco|liberian pop,5,1982,Christoph the Change,Liberia
Dawn Padmore,6Feiy6Ijw8eOmQRyvX8KuI,liberian pop,0,2,Dawn Padmore,Liberia
Eddie Johns,5lm6ULGxxq8LD82j5Jp9P1,,29,3924,Eddie Johns,Liberia
Eric Geso,7yTAeP6GQNIqmN6hyg3EYX,hipco|liberian pop,8,1609,Eric Geso,Liberia
Faithvonic,4lKnphZJKRIJHbSGzrNdfA,hipco,0,47,Faithvonic,Liberia
Fatu Gayflor,6DHds56WTZ9F2c0qOM8Nuj,,0,0,Fatu Gayflor,Liberia
Irene Logan,5E0zjnKqKIVeXOPSiIhnUz,ghanaian pop,6,590,Irene Logan,Liberia
Kobazzie,3KCX6u4pybhAjBk1STfYDL,hipco|liberian pop,12,3593,Kobazzie,Liberia
Kpanto,7uyZKlXNCt3WIxm35j4x4Q,hipco|liberian pop,17,3067,Kpanto,Liberia
Miatta Fahnbulleh,73IMQDFatXABBb3ndyRrWr,,0,31,Miatta Fahnbulleh,Liberia
Nasseman,5k97AEg2dKP8ScLpNa617t,,0,27,Nasseman,Liberia
Olmstead Luca,1OoZYZJihLWG68e6yfHjAQ,,0,27,Olmstead Luca,Liberia
Soulful Dynamics,0IDs5tHRJDsvUpDM6xAB1k,,17,1578,Soulful Dynamics,Liberia
Sundaygar Dearboy,4Z6D4EsPEbPk0aXofk0VyE,,0,0,Sundaygar Dearboy,Liberia
Tokay Tomah,1zwsziFKIV9kXngY8vQli6,,0,0,Tokay Tomah,Liberia
Ambondrona,4cIpMorauZvoqfuYTtqdMK,malagasy folk|malagasy pop,22,6965,AmbondronA,Madagascar
Erick Manana,18SA20qWFnjllpW9yt6xOa,,2,24,Erick Manana,Madagascar
Eusèbe Jaojoby,7BJ9pUOPsPv81tZtA1wQOj,malagasy folk,0,102,Eusèbe Jaojoby,Madagascar
Jerry Marcoss,29CflPlT8CsbFlJyt2WjAq,malagasy pop,18,2154,Jerry Marcoss,Madagascar
Madagascar Slim,47zKci8p5iqybZqG8zsPFT,malagasy folk,16,499,Madagascar Slim,Madagascar
Mahaleo,1FE20Q3yotnL2xBsQfu8AG,malagasy folk|malagasy pop,25,9959,Mahaleo,Madagascar
Mama Sana,0Qgj26PRNrdHbyo9G4qqtt,malagasy folk,0,17,Mama Sana,Madagascar
Mily Clément,7LhzoTJVwXgLlzkxEVfkBr,malagasy folk|malagasy pop,8,420,Mily Clément,Madagascar
Ninie Doniah,2AEvVdpjS3m0jxhz670eLp,malagasy folk|malagasy pop,2,289,Ninie Doniah,Madagascar
Oladad,10ONMXGkNG5pEZbiQlpVML,malagasy pop,5,221,Oladad,Madagascar
Rakoto Frah,28UkUPsGhPI3JFKvOX7I1e,malagasy folk|malagasy pop,1,522,Rakoto Frah,Madagascar
Régis Gizavo,0gG5CyfFPKdT7THwcpvC3l,malagasy folk|malagasy pop,11,1394,Régis Gizavo,Madagascar
Tearano,3Mpun9eBv5h4QtYgWvsO4g,,1,24,Tearano,Madagascar
Vaiavy Chila,5WiriAMiyiKhZlOfPVynfz,malagasy folk|malagasy pop,6,249,Vaiavy Chila,Madagascar
Afel Bocoum,06Ib5crxFFg8jg3q8ZP77W,desert blues|malian blues,32,14638,Afel Bocoum,Mali
Ali Farka Touré,3mNygoyrEKLgo6sx0MzwOL,afropop|desert blues|malian blues|world,49,238002,Ali Farka Touré,Mali
Boubacar Traoré,63Bilw49Uv4s2wnovytDVU,afropop|malian blues|mande pop|west african jazz|world,35,62870,Boubacar Traoré,Mali
Djelimady Tounkara,1Zf65zxo2IQ1OyOIlODwZh,griot|malian blues|mande pop|musique mandingue|west african jazz,24,7379,Djelimady Tounkara,Mali
Fatoumata Diawara,4G5ZJny3HvX6Il7eHVfnNC,afropop|desert blues|malian blues|mande pop|wassoulou|world,56,224294,Fatoumata Diawara,Mali
Habib Koité,2laFwNRffMM18LvKKDxCs9,afropop|griot|mande pop|world,41,64053,Habib Koité,Mali
Issa Bagayogo,3T2iIPbvIyKJdXNrFYiYXn,afropop|desert blues|malian blues|mande pop|ngoni|wassoulou|world,28,18790,Issa Bagayogo,Mali
Lobi Traoré,5uycig9ettxM7vWsZt4Rzp,desert blues|malian blues|mande pop|musique mandingue,30,6058,Lobi Traoré,Mali
Mory Kanté,0roLSs1WqlurDniSZ1pttN,afropop|griot|guinean pop|mande pop|west african jazz,36,23652,Mory Kanté,Mali
Oumou Sangaré,65CKKZilbcSKkAPC9a5Mvh,afropop|malian blues|mande pop|wassoulou|world,47,131907,Oumou Sangaré,Mali
Rail Band,4XTubZS5VChQ2EFH4xKnE0,mande pop|west african jazz,14,3964,Rail Band,Mali
Rokia Traoré,6sz0k1q2aEtG5dxEgr4YWV,afropop|malian blues|mande pop|world,40,102139,Rokia Traoré,Mali
Salif Keita,0VVnWF3KNaa5O7ESohKhAx,afropop|malian blues|mande pop|world,47,161457,Salif Keita,Mali
Tinariwen,2sf2owtFSCvz2MLfxmNdkb,afropop|desert blues|malian blues|musique touareg|tuareg guitar|western saharan folk|world,49,297883,Tinariwen,Mali
Toumani Diabaté,2nCACYdIndYchzX4bxLcTW,afropop|desert blues|griot|kora|malian blues|mande pop|world,51,91003,Toumani Diabaté,Mali
Dimi Mint Abba,5frDUQyh7BmrnGLFhnoXqb,griot|moorish traditional,16,5940,Dimi Mint Abba,Mauritania
Malouma,0TuCYPg3Na5TogmBIEl7T5,griot|moorish traditional|musique mauritanienne,23,9245,Malouma,Mauritania
Noura Mint Seymali,2HnmTIZBaC6upua76nuGIY,griot|moorish traditional|musique mauritanienne,29,9260,Noura Mint Seymali,Mauritania
Abdelhadi Belkhayat,4J16Nk4HEWkQGlNv2BeeFf,classic moroccan pop|moroccan pop,23,51407,Abdelhadi Belkhayat,Morocco
Ahmed El Bidaoui,3P08kbHc2eviJvNe5si7F4,,0,61,Ahmed El Bidaoui,Morocco
Bab L' Bluz,07J09Vf9YReIIaFtarQshi,moroccan traditional,23,8124,Bab L' Bluz,Morocco
Imad Kotbi,6yHMbnG2tmhKF7usNeOwsh,,0,369,Imad Kotbi,Morocco
Isaac Bitton,4ljy1nYwp4ji4rF71V0RY0,,0,76,Isaac Bitton,Morocco
Mahmoud Guinia,0pvLXdsgWnpJClomaQ41JQ,gnawa,23,9733,Mahmoud Guinia,Morocco
Malika Zarra,6dV9cRRpqCyjKZEHkU05Xg,arabic jazz,15,1849,Malika Zarra,Morocco
340ml,6rrIBmKWKnUbi6XLFfKEw5,black punk,19,6415,340ml,Mozambique
Afric Simone,4LzxNC5MtBgBbgOmrPuYbh,,31,6243,Afric Simone,Mozambique
Al Bowlly,6l3iPTof4l2D75Wawq9w7R,british dance band,47,40761,Al Bowlly,Mozambique
Ghorwane,31vOH7aG130NyESyUoOOaA,marrabenta|musica mocambicana|world,15,2836,Ghorwane,Mozambique
Lizha James,7pSiowf8Jdhtg30NJUVdMJ,marrabenta|musica mocambicana,1,177,Lizha James,Mozambique
Stewart Sukuma,3eVnapWepxjdMvj8qOO9qM,,0,0,Stewart Sukuma,Mozambique
Wazimbo,6Lwh7TVOLyefH4psz80TjE,marrabenta|musica mocambicana,22,2889,Wazimbo,Mozambique
Mamar Kassey,4mGLfnTzl9iJ9JJ3QmrR8n,musique nigerienne,1,441,Mamar Kassey,Niger
Mdou Moctar,48dgx7iGqLQ3E5KO3pzd94,desert blues|musique nigerienne|tuareg guitar,38,100087,Mdou Moctar,Niger
2Face Idibia,624wyhish0sYuvKuiaQ2vv,,6,20,2face Idibia,Nigeria
9ice,0AJdNiFdUdmiU2TNg5fSzH,afrobeats|afropop|nigerian hip hop|nigerian pop,39,152697,9ice,Nigeria
Ada Ehi,27aJyju2K5sLLiCgZKemnt,naija worship,44,272195,Ada Ehi,Nigeria
Adekunle Gold,2IK173RXLiCSQ8fhDlAb3s,afrobeats|afropop|alte|azontobeats|nigerian hip hop|nigerian pop,64,1243082,Adekunle Gold,Nigeria
Adewale Ayuba,2LE8mP1xv4ZOZ9vJ9JKfOe,fuji,24,20436,Adewale Ayuba,Nigeria
Ado Gwanja,4oGazSBx90awoGtyqDCHkQ,hausa pop,22,5547,Ado Gwanja,Nigeria
Afrikan Boy,7IYwVupkZuGBcG3CPBzsC5,,27,4542,Afrikan Boy,Nigeria
Afro Candy,0FPC9xZUxoZJffZEKpzhiG,,0,1,Afro Candy,Nigeria
Ali Jita,2W4yj7WtVNdr8suyotTDGu,hausa pop,22,12488,Ali Jita,Nigeria
Andre Blaze,7AF0vE3vaLgRSMqSeC3Cx6,,0,1,Andre Blaze,Nigeria
Aramide,3MnR60ldjXYo42lHIZEPvo,alte,10,1438,Aramide,Nigeria
Asuquomo,46KG4qj2842Z35DQ9tJJfO,,1,385,Asuquomo,Nigeria
Ayinde Bakare,2Wk6xfnG9xcoRbMbd4uWlQ,juju|palm wine guitar,3,265,Ayinde Bakare,Nigeria
Ayra Starr,3ZpEKRjHaHANcpk10u6Ntq,afrobeats,75,1351410,Ayra Starr,Nigeria
Babatunde Olatunji,5fOKPmqqTHxZeC8j63252Y,african percussion|afropop,22,10313,Babatunde Olatunji,Nigeria
Bella Shmurda,7kK5badbqOjd8WlT2XWMeM,afrobeats|nigerian pop,56,734302,Bella Shmurda,Nigeria
Blackmagic,711uESshM9OxGFc3lT8CL8,alte|naija old school|nigerian pop,36,9359,Blackmagic,Nigeria
Blaqbonez,12kjvw4e3gLp6qVHO65n7W,afrobeats|nigerian hip hop|nigerian pop,57,262463,Blaqbonez,Nigeria
Brymo,094nOQ29vLC8FjZ3PhnM2u,afrobeats|afropop|alte|nigerian hip hop|nigerian pop,44,170191,Brymo,Nigeria
Burna Boy,3wcj11K77LjEY1PkEazffa,afrobeats|dancehall|nigerian hip hop|nigerian pop,79,5581342,Burna Boy,Nigeria
CDQ,1VsvlBp2dqKk2g9EVFvxXg,afrobeats|afropop|nigerian hip hop|nigerian pop,29,91813,CDQ,Nigeria
Celestine Ukwu,2XX5UnnAfyUaPTNsYZWLzB,highlife,20,9281,Celestine Ukwu,Nigeria
Charly Boy,2zHIU8632Q1WB8jLo2rLZL,,0,0,Charly Boy,Nigeria
Chidinma,3Wu4rnX6UKAMtTlUL2IAj4,afrobeats|afropop|azontobeats|nigerian hip hop,34,59956,Chidinma,Nigeria
Chike,6zK1M4TcabpLQMNmmG2P0Q,afrobeats|afropop|nigerian pop,51,398207,Chike,Nigeria
Chinko Ekun,5jfQBS0O6dR6axaz0BGMgs,afrobeats|nigerian pop,30,30413,Chinko Ekun,Nigeria
Cobhams Asuquo,710wXZlOutU4kV7BeLoVwl,naija worship,29,7365,Cobhams Asuquo,Nigeria
Cynthia Morgan,5mynB2ULsynjVY6RcxP6N7,afrobeats|afropop|nigerian pop,18,16418,Cynthia Morgan,Nigeria
Dj Lambo,6UJMc7CLW0JpsbdIke13nU,,21,315,DJ Lambo,Nigeria
Da Emperor,1B05UO767x88SDsNhgw8db,,0,1,Da Emperor,Nigeria
Daddy Showkey,0td0iv1m4y2Ip4DP4qp6ho,,0,3,Daddy Showkey,Nigeria
Dammy Krane,6yZI3dhleWYTqJjf11rDCc,afrobeats|afropop|nigerian pop,25,7400,Dammy Krane,Nigeria
Davido,0Y3agQaa6g2r0YmHPOO9rh,afrobeats|afropop|azontobeats|ghanaian hip hop|nigerian pop,74,2824252,Davido,Nigeria
Dekumzy,1GbxIGZJOZUlgmrIVCjbDC,,9,104,Dekumzy,Nigeria
Dele Ojo,1UGAqnt7VrPoOuVd6xBUFx,,0,2,Dele Ojo,Nigeria
Dice Ailes,6k96FH3t0HYJRLaMi3TNXa,afrobeats|afropop|nigerian pop,34,91053,Dice Ailes,Nigeria
Don Jazzy,3orxvFDFViCLknRO2O2m8a,,47,19018,Don Jazzy,Nigeria
Dr SID,1A1IEvjX2MyuMXDDsSW8sD,afrobeats|afropop|nigerian hip hop|nigerian pop,37,87635,Dr SID,Nigeria
Dr Sir Warrior,3rhu0WA2F1lrBzJRZnzif9,igbo pop|igbo traditional,26,6866,Dr Sir Warrior,Nigeria
Dr. Alban,6BkcAbUkfIBM4XudxieMq8,eurodance|europop|hip house,61,210075,Dr. Alban,Nigeria
Duncan Mighty,5N47dnIfPuGH8kIHpf8gZK,afrobeats|afropop|naija old school|nigerian pop,41,165197,Duncan Mighty,Nigeria
Echezonachukwu Nduka,7nhI4ZhNH4DtdQD8VzEKuB,,0,21,Echezonachukwu Nduka,Nigeria
Eddy Wata,1Up7JVPf0IBADb0E6mMo2K,,29,11786,Eddy Wata,Nigeria
Eedris Abdulkareem,4LzElX8gJiDB7zOUSsswgc,afrobeats|naija old school|nigerian hip hop|nigerian pop,23,37545,Eedris Abdulkareem,Nigeria
Emma Nyra,7CuoXlr8S5zLNIwCjqouch,,17,1760,Emma Nyra,Nigeria
EMMY GEE,1fDqhwWEMKn8j2WQ7ub19g,,0,0,Emmy Gee,Nigeria
Eva Alordiah,3Fys2rzPCbp6tDzQ7YO3Pq,nigerian hip hop|nigerian pop,12,2426,Eva Alordiah,Nigeria
Falz,2s187JqHC9kipPLBLWXubl,afrobeats|afropop|nigerian hip hop|nigerian pop,49,746454,Falz,Nigeria
Fela Kuti,5CG9X521RDFWCuAhlo6QoR,afrobeat|afropop|world,49,497132,Fela Kuti,Nigeria
Fela Sowande,6nzfP8y591BGa4K4ImEtWm,,21,445,Fela Sowande,Nigeria
Femi Kuti,6kgrtA0dlnVpWB6zjpXrRb,afrobeat|afropop|world,34,60335,Femi Kuti,Nigeria
Fireboy DML,75VKfyoBlkmrJFDqo1o2VY,afrobeats|nigerian pop,71,1737616,Fireboy DML,Nigeria
Frank Edwards,5gOBGZay8Nt5orlQI8UDDg,naija worship,43,167095,Frank Edwards,Nigeria
GoodGirl LA,62HQP03xtoXexSY1Kp0cdS,afro r&b,39,4070,GoodGirl LA,Nigeria
HarrySong,3hflm7FUsWEKbI0fRnaW20,afrobeats|afropop|nigerian pop,36,89814,Harrysong,Nigeria
HumbleSmith,2mOo2XmJUlRFE3iX2pQNXW,afrobeats|afropop|nigerian pop,25,35512,Humblesmith,Nigeria
I.K. Dairo,72gQrQCQ4jSWhocnplJ4fr,highlife|juju,20,4462,I.K. Dairo,Nigeria
Ice Prince,1sSt1DqqqFLkPwfrqafVyn,afrobeats|afropop|nigerian hip hop|nigerian pop,52,232682,Ice Prince,Nigeria
Idahams,6jPVueiSr0OHgVetuTuv5O,afroswing,35,12711,Idahams,Nigeria
Ikechukwu,7xhdfJjebilccfAhprilhE,afrobeats|igbo pop|naija old school|nigerian pop,16,16873,Ikechukwu,Nigeria
Iyanya,3ZUn6LYxdmmPYQqBhFWI3h,afrobeats|afropop|nigerian pop,52,242623,Iyanya,Nigeria
J. Martins,4DWVHNUG04lB1nYDbQmjLm,afrobeats|afropop|azontobeats|nigerian pop,42,117460,J. Martins,Nigeria
Jamopyper,7InYF1yp4vtlnMr1U4D3KZ,afrobeats|cruise|nigerian pop,30,38919,Jamopyper,Nigeria
Jaywon,5alyYFXdTtyHueFr7XQnGq,afrobeats|afropop|nigerian pop,27,37916,Jaywon,Nigeria
Jesse Jagz,30N9JY1VoDikz8Czs2TKtT,afrobeats|afropop|azonto|nigerian hip hop|nigerian pop,31,64711,Jesse Jagz,Nigeria
Joeboy,1XavfPKBpNjkOfxHINlMHF,afrobeats|afropop|nigerian pop,66,1216272,Joeboy,Nigeria
Johnny Drille,4f8vvLN5Rt3WszqOqVR9e9,afrobeats|nigerian pop,53,235971,Johnny Drille,Nigeria
K1 De Ultimate,4QDPgnH8H5BkicUp3nbIWT,fuji,36,42915,K1 De Ultimate,Nigeria
KCee,7KiINhQdLAupkwvJ0EelGG,afrobeats|afropop|igbo pop|nigerian pop,39,148436,Kcee,Nigeria
Kefee,17YuFgnihcQ9UnyGiWFH5z,afrobeats|christian afrobeat|naija old school,18,25443,Kefee,Nigeria
Kheengz,4obwQvbtJjXmqlCrCBJYsx,,0,0,Kheengz,Nigeria
Kida Kudz,4wrFUdBKN4RBMtC3ZoLVdw,afrobeats|nigerian pop,47,80483,Kida Kudz,Nigeria
KING WADADA,6wCQBLD9Lj8EdRxYGnNGVY,,0,10,King Wadada,Nigeria
Kizz Daniel,1X6cBGnXpEpN7CmflLKmLV,afrobeats|afropop|azontobeats|nigerian pop,68,1649972,Kizz Daniel,Nigeria
Koker,6boY2xgeBbOjwqjgOwTeEW,afrobeats|afropop|nigerian pop,19,15846,Koker,Nigeria
Korede Bello,2TwUVWFJs4LD0lOBbJXnNa,afrobeats|afropop|azontobeats|nigerian pop,52,535295,Korede Bello,Nigeria
LADIPOE,379IT6Szv0zgnw4xrdu4mu,afrobeats|nigerian pop,57,534992,Ladipoe,Nigeria
Lagbaja,1h4BH9g94IalkSwzrMfDnu,afrobeat|afrobeats,23,16307,Lagbaja,Nigeria
Lara George,6BMYlvYYyC0VxN6vV9y9KZ,christian afrobeat|naija worship,33,87905,Lara George,Nigeria
LAYCON,3ge7WahzUrMDAIdlIcchQP,afrobeats|nigerian pop,31,80364,Laycon,Nigeria
Lil Kesh,38XiDu0kK3Z5jdHUDqBzNT,afrobeats|afropop|nigerian hip hop|nigerian pop,46,367593,Lil Kesh,Nigeria
Lyta,5Vok15YfAjyyCbUg5YBRGE,afrobeats|nigerian pop,38,188120,Lyta,Nigeria
Majek Fashek,58vhjp5KbiAA4JZlwXnI7k,african reggae,27,8802,Majek Fashek,Nigeria
May7ven,5TiKqTtfpiOD9T3ieMkpBO,afrobeats,1,120,May7ven,Nigeria
Mayorkun,3DNCUaKdMZcMVJIS7yTskd,afrobeats|afropop|azontobeats|nigerian pop,59,918981,Mayorkun,Nigeria
Mercy Chinwo,68ra9ISZg5HZYwKaPtKvMp,naija worship,52,758715,Mercy Chinwo,Nigeria
Miraboi,14CrhkXTq03PCZY3kFlTdi,,0,41,Miraboi,Nigeria
Monica Ogah,2FbqeXn6Rj8pyDEzJWlrul,gospel amapiano,26,1052,Monica Ogah,Nigeria
Mr Eazi,4TAoP0f9OuWZUesao43xUW,afrobeats|afropop|azontobeats|ghanaian hip hop|nigerian pop|swedish dancehall,64,1163475,Mr Eazi,Nigeria
Mr Raw,1jZyG5n2hXE51QnOApTPbs,igbo pop|igbo rap|naija old school,20,6696,Mr Raw,Nigeria
MUMA GEE,2DWoNuBYeFlamsJTTZsIz0,,0,3,Muma Gee,Nigeria
MUNA,6xdRb2GypJ7DqnWAI2mHGn,indie pop|indie poptimism|la pop|metropopolis,63,296946,Muna,Nigeria
Naeto C,5wJBdwIAg6nZoCaWbFhc1r,afrobeats|afropop|naija old school|nigerian pop,29,94430,Naeto C,Nigeria
Naira Marley,5DfaMudUwkoz6TAPYifqkJ,afrobeats|afroswing|nigerian pop,56,610863,Naira Marley,Nigeria
Niniola,5MEHQvTW53C0ccsuxdZobQ,afrobeats|afropop|nigerian pop,46,269341,Niniola,Nigeria
Niyola,32osEFh5jwpn08E9fjv2Et,afrobeats|afropop|nigerian pop,16,17109,Niyola,Nigeria
Nneka,0VX4MyYhvKRtU1AZUVGLUZ,neo soul,44,182798,Nneka,Nigeria
Nonso Amadi,6pOz4M7D8ENqfLSFvciEuV,afrobeats|alte|nigerian pop,54,156829,Nonso Amadi,Nigeria
Nonso Bassey,4Htwz1uM7qo15gHMaGuAuS,alte,2,243,Nonso Bassey,Nigeria
Obesere,3zCVI8q382lEWM4JwLJ8P9,fuji,25,31114,Obesere,Nigeria
Obiwon,686H5uCs2v2mpM724duSvF,,0,0,Obiwon,Nigeria
Obongjayar,6l7R1jntPahGxwJt7Tky8h,experimental r&b,50,55635,Obongjayar,Nigeria
Olamide,4ovtyvs7j1jSmwhkBGHqSr,afrobeats|afropop|azonto|nigerian hip hop|nigerian pop,64,1360909,Olamide,Nigeria
Oliver De Coque,5gNEnb7iEWEJCc36kwhe7A,igbo pop,24,21631,Oliver De Coque,Nigeria
Omah Lay,5yOvAmpIR7hVxiS6Ls5DPO,afrobeats|nigerian pop,73,1268385,Omah Lay,Nigeria
Omawumi,3Oi8FK1mJS7rHikNfZ7uPj,afrobeats|afropop|nigerian pop,32,93714,Omawumi,Nigeria
Onyeka Onwenu,0AsoglRr6rQ8DZEKWnBPz7,afropop|igbo pop,18,23091,Onyeka Onwenu,Nigeria
Orezi,6voVBz1bN1mWZCLpNZGqzD,afrobeats|afropop|nigerian pop,36,82698,Orezi,Nigeria
Orits Williki,109Tv9Nn3EiMtV49yNudYH,african reggae|highlife,8,2850,Orits Williki,Nigeria
Oritse Femi,01ukVEa5Q8UkHjqgiFZsIW,afrobeats|afropop|nigerian hip hop|nigerian pop,32,78361,Oritse Femi,Nigeria
Orlando Julius,5nmP3vKUqynlECpm2ura7L,afro-funk|afrobeat|afropop,34,19583,Orlando Julius,Nigeria
Patoranking,2hKQc001G7ggs3ZyxMdkGq,afrobeats|afropop|azontobeats|nigerian pop,54,1149325,Patoranking,Nigeria
Paul Play Dairo,66DbI9Rw8AUIog5HGQdR7X,,5,321,Paul Play Dairo,Nigeria
Pepenazi,69bYzeEMfXE0FuPcRoRaz6,,15,2044,Pepenazi,Nigeria
Peruzzi,5ywjxFhmhHGQBsK3DundNf,afrobeats|dancehall|nigerian pop,47,334489,Peruzzi,Nigeria
Peter King,5FP5tCzBeZnOemocPb8bOo,afrobeat,26,5821,Peter King,Nigeria
Phyno,6acbdy69rtlv8m9EW31MYl,afrobeats|afropop|igbo pop|igbo rap|nigerian hip hop|nigerian pop,48,432472,Phyno,Nigeria
Praiz,41MWgwfjzWDupE1i0OUghd,afro r&b|afrobeats|nigerian pop,45,19257,Praiz,Nigeria
Prettyboy D-O,76qtJqxLY1aXEPHxAJui7y,afrobeats|alte|nigerian pop,44,47944,Prettyboy D-O,Nigeria
PsychoYP,4Hyl7QROvzELSzMO7OXdjr,afrobeats|nigerian pop,47,74462,PsychoYp,Nigeria
Ras Kimono,3emaNMGrc7I4TfVBdfb74u,afrobeat|highlife,15,10517,Ras Kimono,Nigeria
Reekado Banks,3bxZkzk0PLHcetO9o4oxXn,afrobeats|afropop|nigerian hip hop|nigerian pop,49,574605,Reekado Banks,Nigeria
Rema,46pWGuE3dSwY3bMMXGBvVS,afrobeats|nigerian pop,81,2404497,Rema,Nigeria
Reminisce,4YIOi9aFNviV1jRQeiNZgO,afrobeats|afropop|nigerian hip hop|nigerian pop,42,171971,Reminisce,Nigeria
Ric Hassani,5twTCOm58CXYCqCny4gYcQ,azontobeats,55,115123,Ric Hassani,Nigeria
Ruby gyang,3EUY0suFfKs65ZV5kNTqsT,,0,1,Ruby Gyang,Nigeria
Ruggedman,5gcVR5mL6NyUafYmgDZZfK,afrobeats|nigerian hip hop|nigerian pop,12,22880,Ruggedman,Nigeria
Runtown,6mMtnxEQkYoY5FfJIQ9Rhb,afrobeats|afropop|nigerian pop,53,867358,Runtown,Nigeria
Sade Adu,7mCiA1edfJ2HLmUckMo3Jh,,0,171,Sade Adu,Nigeria
Safin De Coque,6EAPNRKIVP4APOeGX4zke8,,0,4,Safin De Coque,Nigeria
Samsong,2vPVXxqaSgF7s5U5PrXNUS,naija worship|world worship,32,74318,Samsong,Nigeria
Sarz,408vMm7y1227ASq7GmWygZ,afrobeats|nigerian pop,61,180358,Sarz,Nigeria
Sean Tizzle,6J5O4svAiMxfVAisbPhA5a,afrobeats|afropop|nigerian hip hop|nigerian pop,37,79351,Sean Tizzle,Nigeria
Seun Kuti,1GQur7dDvAWhKT9u9YwBJZ,afrobeat|afropop,47,41792,Seun Kuti,Nigeria
Seyi Shay,0WgwOS7j1CB5tIRa4QM50K,afrobeats|afropop|nigerian pop,38,76869,Seyi Shay,Nigeria
Simi,4Ns55iOSe1Im2WU2e1Eym0,afrobeats|afropop|alte|azontobeats|nigerian pop,52,556009,Simi,Nigeria
Sinach,6hKHFC67DZJNw9tg1l0lIe,naija worship|zambian pop,47,486693,Sinach,Nigeria
Skales,1ixqGowpDM21RwyJmJ7hpv,afrobeats|afropop|azontobeats|nigerian pop,47,189525,Skales,Nigeria
Small Doctor,6QwPmy9hs9alo36XJ5pwsW,afrobeats|afropop|nigerian pop,28,59898,Small Doctor,Nigeria
Somadina,4C9EX8d2FnWMV2yQZqeG8U,,24,2151,Somadina,Nigeria
Sound Sultan,3ncebjXyf0NwYMutzK2DNg,afrobeats|afropop|naija old school|nigerian pop,26,57463,Sound Sultan,Nigeria
Stella Damasus,4huVOTb1Z9abnzrPzRc1VO,,0,35,Stella Damasus,Nigeria
Ty Bello,2iWK4awJAvQtgg1cUHaU9J,naija old school|naija worship,46,76677,TY Bello,Nigeria
Tamara Jones,3lWaISmM9YW0qJ8aSWizrf,,3,8,Tamara Jones,Nigeria
Tekno Miles,2LM38moKfav0NKDvbLq0i4,,0,8092,Tekno Miles,Nigeria
Tems,687cZJR45JO7jhk1LHIbgq,afro r&b|afrobeats|alte|nigerian pop,75,1085902,Tems,Nigeria
Timaya,7gEgjd9W1P1iAD9FbubrqC,afrobeats|afropop|azonto|dancehall|nigerian pop,55,488469,Timaya,Nigeria
Timi Dakolo,06UqlnocxIJgyyTZwQMAQK,afrobeats|afropop|nigerian pop,32,137165,Timi Dakolo,Nigeria
Tiwa Savage,1hNaHKp2Za5YdOAG0WnRbc,afrobeats|afropop|azonto|nigerian pop,64,1141028,Tiwa Savage,Nigeria
Toby Foyeh,0CcYfKLQ9p68JnckX18iW9,afro-funk,11,228,Toby Foyeh,Nigeria
Tonto Dikeh,7cjxEC1siSkOfdO5BF6R81,,0,59,Tonto Dikeh,Nigeria
Tony Allen,6JpZEemWmunccsrHXFUOgi,afrobeat|afropop|world,46,119343,Tony Allen,Nigeria
Tony Tetuila,7fypMlrHKV3ziGuvZkSYoX,afrobeats|naija old school|nigerian pop,21,25475,Tony Tetuila,Nigeria
Tonye Garrick,2Pkt0nBiSjFOBRLjHjRVIo,,0,25,Tonye Garrick,Nigeria
Tope Alabi,1WDoaSGtFrO4ZPMZqLiaEU,,43,158131,Tope Alabi,Nigeria
Tunde King,5f7X9vcT9jzHLl78NKEUpA,juju,0,57,Tunde King,Nigeria
Tunde Nightingale,6YbGfublTlLdRsksnaRWwY,,0,1,Tunde Nightingale,Nigeria
Victor Olaiya,4VKeh6oDfqhDLx0MME7R7f,afrobeat|highlife,23,8753,Victor Olaiya,Nigeria
Waconzy,3fECabmj2EOhc8imK4YKMm,afrobeats,21,4898,Waconzy,Nigeria
Waje,6RaKdMfhnMdLFXvsWSZaa0,afrobeats|afropop|nigerian pop,27,44096,Waje,Nigeria
Weird MC,53luFjaLbvhT0LUwDrqln9,naija old school|nigerian hip hop,11,950,Weird MC,Nigeria
William Onyeabor,755pQSGUy6rtPrUCbnJTvi,afrobeat|afropop,41,111115,William Onyeabor,Nigeria
Wizkid,3tVQdUvClmAT7URs9V3rsp,afrobeats|afropop|azonto|azontobeats|nigerian hip hop|nigerian pop,77,3770452,Wizkid,Nigeria
WurlD,5x2vmU3Hj2Y66luW7c7vIn,afrobeats|alte|nigerian pop,43,150569,Wurld,Nigeria
Ycee,5zqRdlPXeCIuxgaPimSKXj,afrobeats|afropop|azontobeats|nigerian hip hop|nigerian pop,46,416098,Ycee,Nigeria
Yemi Alade,7fKO99ryLDo8VocdtVvwZW,afrobeats|afropop|azontobeats|nigerian pop,53,700707,Yemi Alade,Nigeria
Yinka Ayefele,3FTXYrqf4LEqk2hY7OGPJ5,afropop,33,86375,Yinka Ayefele,Nigeria
Yinka Davies,4M1WT9qsGhS0SClY1dD6Lj,,0,0,Yinka Davies,Nigeria
Yung6ix,1q2U0RJo12z8YmBfb1RwOt,afrobeats|afropop|nigerian hip hop|nigerian pop,26,68180,Yung6ix,Nigeria
Zayn Africa,2ByDyMfi8PBJohc3Epr5us,,4,13,Zayn Africa,Nigeria
Zlatan,4mSWNal2Ixxf1zrXSTLoep,afrobeats|nigerian pop,57,473639,Zlatan,Nigeria
Zoro,3S3T7zQ5vPdxH6vvh4ipxm,afrobeats|igbo pop|igbo rap|nigerian pop,31,18887,Zoro,Nigeria
Eldee,5bPfeXVOVF3RWTq0dt4hft,afrobeats|naija old school|nigerian pop,21,33535,eLDee,Nigeria
Abeti Masikini,38w9EMjb1445duHDFFgzLg,soukous,8,4380,Abeti Masikini,Republic of the Congo
Fally Ipupa,6IflU2YrY5Cyw7YoBICosV,azontobeats|musique urbaine kinshasa|ndombolo|rumba congolaise,60,696433,Fally Ipupa,Republic of the Congo
Ferre Gola,0is7KJiz3t87LiJWUO1tNI,azontobeats|ndombolo|rumba congolaise|soukous,43,147111,Ferre Gola,Republic of the Congo
Franklin Boukaka,2XeTb1Zh39rA70DxAq9qxC,soukous,17,1218,Franklin Boukaka,Republic of the Congo
Koffi Olomide,7e14Bh8oZXNRmZxjhhTARb,azontobeats|ndombolo|rumba congolaise|soukous|zilizopendwa,50,272616,Koffi Olomide,Republic of the Congo
Madilu System,7dXTUndlDjlH9V5I9KRWjm,rumba congolaise|soukous|zilizopendwa,38,83515,Madilu System,Republic of the Congo
Mbilia Bel,0PshVqflBfiJqteIeRr6Qk,soukous|zilizopendwa,33,49490,Mbilia Bel,Republic of the Congo
Papa Wemba,6a4cdntqTPN10fph5A8zRQ,afropop|rumba congolaise|soukous|zilizopendwa,40,99848,Papa Wemba,Republic of the Congo
Pierre Moutouari,5TzkzQtrNCZDvJK32v1M5q,soukous,4,889,Pierre Moutouari,Republic of the Congo
Werrason,3aU2pbMucMTW4NYF3ISuVO,,32,1342,Werrason,Republic of the Congo
Youlou Mabiala,1PxihtSz9fV6japGOZQqQC,soukous,11,3445,Youlou Mabiala,Republic of the Congo
Alpha Rwirangira,1jNHbRoK305xkvVJUaHojo,rwandan gospel|rwandan pop,11,531,Alpha Rwirangira,Rwanda
Kate Bashabe,13fpfxm1Ynw6GpkvGVyf6f,rwandan pop,1,16,Kate Bashabe,Rwanda
Miss Jojo,1yLD0gA1xXBi1pu5dQAsfn,,0,2,Miss Jojo,Rwanda
Tom Close,4ogozlkOW5OCVsjWguYxPF,rwandan pop,16,476,Tom Close,Rwanda
Urban Boyz,5CYFYub3FjRzMQHKn4deLs,azontobeats|rwandan pop,12,2774,Urban Boyz,Rwanda
Akon,0z4gvV4rjIZ9wHck67ucSV,dance pop,80,3758850,Akon,Senegal
Baaba Maal,49z6oAiD2RpyUf5yLJs7Nf,afropop|desert blues|griot|mbalax|musique peule|world,47,90390,Baaba Maal,Senegal
Ismaël Lô,4EBRPnSYtrfmwptEMOSCV8,afropop|mande pop|mbalax|world,40,81104,Ismaël Lô,Senegal
Mansour Seck,7HAuGBgyiW6xu9tARZUObr,desert blues|griot|mbalax|musique peule|senegalese traditional,18,1101,Mansour Seck,Senegal
Orchestra Baobab,7xT0arvCDupDU1YYy0BNv9,afropop|chicha|mande pop|west african jazz|world,44,131336,Orchestra Baobab,Senegal
Positive Black Soul,3ESsXVMhBm2vfZaWmMdHAi,hip hop galsen|mbalax|world,10,2835,Positive Black Soul,Senegal
Touré Kunda,76ynyZUsg0vGxiQSWvQx5f,african reggae|afropop|mande pop|mbalax,34,13644,Touré Kunda,Senegal
Anis Halloway,5sFS8FJrqof9ROha4LCVUt,,0,0,Anis Halloway,Sierra Leone
S.E. Rogie,1W8vgcN29v8ChWmlpZQ3Ai,palm wine guitar,26,5747,S. E. Rogie,Sierra Leone
Steady Bongo,3jhKr7zDC5Z4HWQr8jbmNL,sierra leonean pop,4,1426,Steady Bongo,Sierra Leone
Supa LAJ,3tzXMyR7b3FJtVQ6Ur8USJ,,0,22,Supa Laj,Sierra Leone
Aar Maanta,430LOuVEUCKo2POnRXopfP,ethiopian pop|somali pop,9,3727,Aar Maanta,Somalia
Abdullahi Qarshe,4vqOVDnlBmErO82sZ7q6Xq,,0,4,Abdullahi Qarshe,Somalia
Maryam Mursal,20hNcNxnAOD2KxZCNcWpCR,somali pop,7,1936,Maryam Mursal,Somalia
Waayaha Cusub,6hxX1y8L7zlYGcTc9PuTUG,somali pop,5,1513,Waayaha Cusub,Somalia
Abdullah Ibrahim,39mb0I6tdTcCXkeigvzxOJ,jazz piano|south african jazz,39,46420,Abdullah Ibrahim,South Africa
Adrienne Camp,336Pq8Mzm8a8of9wkZWePp,,33,2904,Adrienne Camp,South Africa
Afrotraction,5nWUxMDXCniEU2M0VXZPH3,afro soul|kwaito|south african pop,29,36383,Afrotraction,South Africa
Al Paton,6vPmjhd1zb3fpiPdyNEIVn,,0,1,Al Paton,South Africa
Albert Mazibuko,7Fj7TW5rbRrjEfItaJEirI,,11,9,Albert Mazibuko,South Africa
Alton Edwards,0f1Dehuh6Ez9vOYIe1ytza,post-disco soul,6,189,Alton Edwards,South Africa
Amampondo,7BHduJisoqKjaU9P5uN0d6,xhosa,11,1259,Amampondo,South Africa
Amanda Black,4tyWwKFEbho8Vh4qczqbIo,afro soul|south african pop,41,297857,Amanda Black,South Africa
Amor Vittone,1LpXO7yfaZr9frJ1CitutT,afrikaans,6,7497,Amor Vittone,South Africa
Ampie Du Preez,0Ewj4M3QAqZJpZHMxcGfAz,,2,29,Ampie du Preez,South Africa
ANATII,6dX1EJC9XFlM8Ql1wGHC55,afro soul|kasi rap|south african hip hop|xhosa hip hop,38,161939,Anatii,South Africa
Anton Fig,5xeqgtq9Fkg7XBHuPEm9pf,rock drums,16,536,Anton Fig,South Africa
Anton Goosen,24TpZ86w1RuD6QqhJQn3Wg,afrikaans,27,14246,Anton Goosen,South Africa
Armand Joubert,5KnlL16gAV2FJVBZgT04Tu,,8,928,Armand Joubert,South Africa
Arno Carstens,4VE8VoX8eVfwfVSuikRyxE,african rock|afrikaans|south african pop,28,28727,Arno Carstens,South Africa
Ashton Nyte,7J66VKvTZxYiFeI2n0PWed,,7,1126,Ashton Nyte,South Africa
Assagai,4FEwj4yy2gs0sq4K2FmtJM,,8,2008,Assagai,South Africa
BLK JKS,00yegohFGb5ErPFAIYBc3u,south african rock,14,5444,BLK JKS,South Africa
Babes Wodumo,3jfVtv9mWfW0c5b3Fx440e,afro soul|gqom|south african pop,38,209262,Babes Wodumo,South Africa
Battery 9,0X0yj1wMDQdK9qzuDH1ofJ,african rock,5,1150,Battery 9,South Africa
Beatenberg,3S9sb8w9r1iojdrAL1soiU,cape town indie|south african alternative|south african pop,44,51479,Beatenberg,South Africa
Bernoldus Niemand,3YqkeLlWTRjIGSI7xfbIl2,african rock|south african punk,4,817,Bernoldus Niemand,South Africa
Bles Bridges,3esScGUz7KojyfKViTEPUv,afrikaans,26,28668,Bles Bridges,South Africa
Blondie Chaplin,2RnjzTi9pBPXEqOtKh4OPj,,4,1132,Blondie Chaplin,South Africa
Bobby Van Jaarsveld,2c2ibERmshNT2uvFBiRDWD,afrikaans,34,113951,Bobby van Jaarsveld,South Africa
Bok Van Blerk,0vevzNDJEuDySBGxIPWcHZ,afrikaans,43,230992,Bok van Blerk,South Africa
Bongani Ndodana-Breen,1KbdFtznyKaFkH9Dyxo4TX,,1,35,Bongani Ndodana-Breen,South Africa
Bongi Makeba,4toamwQIDDFaBCMJ9XfevF,,1,105,Bongi Makeba,South Africa
Bongo Maffin,2eIjpwW853WkGtvIMukeRZ,afro soul|kwaito|south african jazz|south african pop,29,61929,Bongo Maffin,South Africa
Boom Shaka,3YkvS9iecT6huS2Rk4NIwL,afro soul|kwaito|south african jazz,24,33289,Boom Shaka,South Africa
Brasse Vannie Kaap,6nkhSnCQetHUVMEaZNpuvj,african rock|afrikaans hip hop|cape town indie|south african hip hop,3,826,Brasse Vannie Kaap,South Africa
Brenda Fassie,07Pw9XQo0hIwtKRrBwo0Rl,afro soul|afropop|kwaito|south african pop,45,275974,Brenda Fassie,South Africa
Bucie,7suaOI2AMM3ZqTa04oB8fG,afro soul|kwaito|south african house|south african pop,37,86334,Bucie,South Africa
Busi Mhlongo,4QlgeNz8Uf8xF0f0LNjCbf,afro soul|kwaito|south african jazz|south african pop,27,30709,Busi Mhlongo,South Africa
Busiswa,3RThWxnHbyN5Hvkr66eYj7,afro soul|south african house|south african pop,51,261595,Busiswa,South Africa
Cassper Nyovest,18CJ8k3h2Rggioow01dlwP,kasi rap|south african hip hop|south african pop|south african trap,47,973822,Cassper Nyovest,South Africa
Chris Chameleon,7IekiVzQZp0E1FeVc28CdN,african rock|afrikaans,28,24757,Chris Chameleon,South Africa
Civil Twilight,6i4aN0I3l7uldsLTjbZOF8,cape town indie|piano rock|south african rock,36,88539,Civil Twilight,South Africa
Colbert Mukwevho,1IXCXpFI1YzBfFRsWxdmwz,venda pop,28,11260,Colbert Mukwevho,South Africa
Costa Titch,5IaDEj02UeuU9YQSunGWgG,south african trap,50,84278,Costa Titch,South Africa
CrashCarBurn,184sdcjHnD6iVWbPEhxJoC,african rock|south african rock,14,3320,Crashcarburn,South Africa
Crossingpoint,43ZMU6xC9scD4JOkw347Ce,,0,45,Crossingpoint,South Africa
Cutting Jade,22MjeBWM1RMBsMKMYl3aSr,african rock|south african rock,11,5925,Cutting Jade,South Africa
DJ Speedsta,3sNkVGehC2a2YkD346mk87,kasi rap|south african hip hop|south african trap,30,131157,DJ Speedsta,South Africa
DJ Zinhle,4z9NtIRj7d5cohzOjprqxW,afro soul|kwaito|south african house|south african pop,35,82945,DJ Zinhle,South Africa
David Kramer,77uOOA6zRJBwYTrgsOst0B,african rock|afrikaans,25,8477,David Kramer,South Africa
Dennis East,4OsCU3QSeePYlTd6MiI8qB,afrikaans|south african country,27,6450,Dennis East,South Africa
Die Antwoord,6urkHDoIVO1WO8vNIwcJmM,african rock|south african alternative|south african hip hop,58,1642978,Die Antwoord,South Africa
Die Grafsteensangers,2n4DNGETUTYKvzw3S1i5qC,afrikaans,4,412,Die Grafsteensangers,South Africa
Die Heuwels Fantasties,0FrkoXLOCHCWfMXw10Apxb,african rock|afrikaans|south african pop,43,133202,Die Heuwels Fantasties,South Africa
Dizu Plaatjies,3vvCMdecvQXuWZ7mcZlHme,xhosa,4,383,Dizu Plaatjies,South Africa
Dollar Brand,6qshOTFUQhvYrza4Sc85Tl,,17,5573,Dollar Brand,South Africa
Dolly Rathebe,6LpnVDXbIuCD8PkWoEroIg,south african jazz,2,732,Dolly Rathebe,South Africa
Don Laka,1pVB3hFHwbaa3CkI72nQfQ,south african jazz,25,4656,Don Laka,South Africa
Dorothy Masuka,0NDTJJ0OGbMO8cGYqkbwa8,kwaito|south african jazz|zim urban groove,18,10576,Dorothy Masuka,South Africa
Downfall,0uqfK0WJWpv5lHN60YMwmP,metallic hardcore,26,3908,Downfall,South Africa
Dudu Pukwana,6bW73aNRCae7jPJF1Dxy9F,jazz saxophone|south african jazz,8,1652,Dudu Pukwana,South Africa
Duncan Faure,7wD4lHOL1ylsuAOKk75Vvk,,6,224,Duncan Faure,South Africa
Elaine,5ZkuGe2wkDbeL8JmmhvMOx,afro r&b|south african r&b,45,536816,Elaine,South Africa
Elvis Blue,66TsrRnVkNfvLgLemHCLaJ,afrikaans,30,85549,Elvis Blue,South Africa
Emtee,6U3gCOvxVWKBxXItqp3mdr,south african hip hop|south african trap,48,337232,Emtee,South Africa
Enoch Sontonga,7KvC8yy4MTpwdQwU35MVMG,,5,66,Enoch Sontonga,South Africa
Erica Eloff,7tomK4Ml4KWhuGlHmRFBos,baroque singing,0,12,Erica Eloff,South Africa
Falling Mirror,1agXzQjPjYxYU04q7C9TpS,cape town indie,5,361,Falling Mirror,South Africa
Fanie De Jager,5zo8vJIwhut9f1xTzIsH13,afrikaans,0,34,Fanie de Jager,South Africa
Felix Laband,3E6Tbv49KoKnCoGqHJHQGx,south african alternative|south african electronic,41,44862,Felix Laband,South Africa
Fifi Cooper,3KtlUbzWYqYZltDwahV9W6,,0,1,Fifi Cooper,South Africa
Fokofpolisiekar,7JL8PgOQe05PjPZtwBfR8x,african rock|afrikaans|cape town indie|south african pop|south african punk|south african rock,37,81632,Fokofpolisiekar,South Africa
Foto Na Dans,6d28TgMsEOZLYjflNOhU5b,african rock|afrikaans|south african pop|south african rock,12,13557,Foto na Dans,South Africa
Four Jacks And a Jill,2iARYzqM7A0FMEgRI0RV90,south african country,21,2502,Four Jacks and a Jill,South Africa
Francois Klark,6pWdTbfpN654qlN83k3O0P,,32,7234,Francois Klark,South Africa
Freshlyground,7AcV1lk8Zrgo1691PDWEle,african rock|afropop|south african jazz|south african pop|south african pop dance,63,59698,Freshlyground,South Africa
FUZIGISH,5NOfiSV5NL7MVz8JO0oE1v,african rock|south african punk,14,5285,Fuzigish,South Africa
GoldFish,0uRdK8gy7fXJGRywrlmPM7,cape town indie|downtempo|south african pop|south african pop dance,54,193775,Goldfish,South Africa
GoodLuck,4iSv3eRHwrwQTYbRCXxmL3,cape town indie|south african pop|south african pop dance,42,33086,Goodluck,South Africa
Guy Buttery,7MuP7MF52lCdMIi7H9zZfO,,9,3044,Guy Buttery,South Africa
Heinz Winckler,5Q1ldmPI95BBLkF8RyPIHF,afrikaans,26,17764,Heinz Winckler,South Africa
Henry Ate,54wEBpZEvBl4YK94yhCkvn,african rock,18,6353,Henry Ate,South Africa
Hilda Tloubatla,0Q3zSDUSY9vKusFYEGnGLo,,0,2,Hilda Tloubatla,South Africa
Hog Hoggidy Hog,1tSdQvWOaUJ4PHU4tlXCTz,african rock|south african punk,5,1662,Hog Hoggidy Hog,South Africa
Hotep Idris Galeta,0ja9LhX1NaoCtRArpnmsE5,south african jazz,1,584,Hotep Idris Galeta,South Africa
Hugh Masekela,1b3F5FI7TX4IWTNA4P1kWp,afropop|jazz trumpet|south african jazz,44,129665,Hugh Masekela,South Africa
Ike Moriz,4Ig7Aqr7izPEWtFhMopvtf,,4,215,Ike Moriz,South Africa
Irene Mawela,2JSnuNNLa8XqlXmjrAX14v,,0,8,Irene Mawela,South Africa
Isochronous,4N2FNPFyf8DLuNDqoNzpn6,african rock|south african rock,2,696,Isochronous,South Africa
Jabu Khanyile,14pAu5JI8kVOY4XQq8riuB,afro soul|kwaito|south african jazz,26,26492,Jabu Khanyile,South Africa
Jack Lerole,55UULIuT6rwkOlu9iUdJQm,,0,0,Jack Lerole,South Africa
Jack Parow,2zzOTg1SHx5vuqgcexJRxA,african rock|afrikaans|afrikaans hip hop|south african hip hop|south african pop,42,72835,Jack Parow,South Africa
James Phillips,3ilZahpkOPLMPsrP2jeI5E,,5,487,James Phillips,South Africa
Jeremy Loops,0Dct2Gu0qEbgGRjfaxew8g,cape town indie|folk-pop|south african pop|south african rock,50,190728,Jeremy Loops,South Africa
Jesse Clegg,4UDaVZj9eMOfZFEGrcrwqv,african rock|south african pop,27,10720,Jesse Clegg,South Africa
Jim Neversink,7lcphTNzwW4Lx0FBAusFtK,,2,113,Jim Neversink,South Africa
John Edmond,0FG3sGMdajorljcsUwlLKY,south african country,32,4292,John Edmond,South Africa
John Ireland,0QzZLY6jZif9KbXnxaLIUV,british modern classical|early modern classical|impressionism|post-romantic era,29,2192,John Ireland,South Africa
John Kongos,15KbeP35gI9t2vgYzwsTjj,,21,3091,John Kongos,South Africa
Johnny Clegg,7idPv1alc0mcEhEsKlMV2O,african rock|afropop|south african pop,42,69752,Johnny Clegg,South Africa
Johnny Dyani,5aAplFNZE4KHKvdmo7xbNw,south african jazz,9,1648,Johnny Dyani,South Africa
Johnny Fourie,59NaKSVTARkWqs2LmawJAg,south african jazz,0,47,Johnny Fourie,South Africa
Jonathan Butler,5gl2M2G5Dn5XTEW30iMMoD,smooth jazz|smooth saxophone|south african jazz,44,45919,Jonathan Butler,South Africa
Joseph Shabalala,6J5hjzVL89IrrgVYE50AmK,,16,510,Joseph Shabalala,South Africa
Josh Fix,2NUYiEqbVUKKYGiRcoFPnw,underground power pop,5,1235,Josh Fix,South Africa
Judith Sephuma,4UhNEvY4mAznOBZJkbXX8E,afro soul|kwaito|south african jazz|south african pop,29,33743,Judith Sephuma,South Africa
Julian Bahula,4YbvQTk53OZGLLK58kGoaw,south african jazz,0,162,Julian Bahula,South Africa
Junkyard Lipstick,0YttjBLJ74G59qt3z0KcTK,,0,133,Junkyard Lipstick,South Africa
Just Jinjer,4ywF40MvBzMeS8jijufoao,african rock|south african rock,18,1664,Just Jinjer,South Africa
K.O,3ilw3NJXRWd153LIBsme1z,kasi rap|south african hip hop|south african trap,49,329702,K.O,South Africa
Kabelo Mabalane,7kDznYVJj8ytPzBxdknqxK,,2,302,Kabelo Mabalane,South Africa
Kalahari Surfers,1fnr6ERy34iSV3WIzLaIFd,south african punk,5,1128,Kalahari Surfers,South Africa
Karen Zoid,1x6N4tQft8TwRuhOfRUgWC,african rock|afrikaans|south african pop,33,69779,Karen Zoid,South Africa
Kippie Moeketsi,72lzjWV215HO9CvEqQx1ET,south african jazz,2,334,Kippie Moeketsi,South Africa
KONGOS,58R5LHkK3vkmEyGUPOR5kS,modern alternative rock|modern blues rock|south african rock,53,276983,Kongos,South Africa
Koos Kombuis,6tj3rGjkpJ3Zw2tDOMnzGZ,african rock|afrikaans,24,37942,Koos Kombuis,South Africa
Kurt Darren,3fFoaTI85WuaVkSMUxeYRd,afrikaans,43,149610,Kurt Darren,South Africa
Kwesta,3Px6IenueysHsgCQf9xFVr,afro soul|kasi rap|south african hip hop|south african pop,44,609384,Kwesta,South Africa
Kyle Watson,7LJSAfWhO7jhjnewy6pKyZ,bass house|fidget house|house|tech house,49,100975,Kyle Watson,South Africa
Ladysmith Black Mambazo,3FdLhnmXynPvZkbILPpB6d,afropop|south african choral|world,49,107435,Ladysmith Black Mambazo,South Africa
Lani Groves,2HZLPube2N0sOIs7gMCcnG,,8,36,Lani Groves,South Africa
Laurika Rauch,40e2rgvxJ4SGOT2nRasTbC,afrikaans,31,18519,Laurika Rauch,South Africa
Leon Schuster,39RqxQROFqqcfA4TJmKgbs,kinderliedjies,20,12301,Leon Schuster,South Africa
Locnville,3dG8agWw8q1yaBis5HRT5K,cape town indie|south african hip hop|south african pop|south african pop dance,35,20600,Locnville,South Africa
Louise Carver,3MGKwPbzEu5ZFlDAJA75uD,african rock|cape town indie,20,4085,Louise Carver,South Africa
Lucky Dube,308gQ5eCBIiSAHmi9tqlJ6,african reggae,56,728233,Lucky Dube,South Africa
Mvzzle,7qgIC4hEF2z301fXmyY8UD,,32,946,MVZZLE,South Africa
Makgona Tsohle Band,1NfEih5DEGl9OSf5xyzG4b,south african jazz,10,1808,Makgona Tsohle Band,South Africa
Man As Machine,0gMp8WEb3FwRk5WHuCDj3k,south african rock,0,288,Man As Machine,South Africa
Mandoza,4eNzQCNP9F9UKbglvPkDdH,afro soul|kwaito|south african jazz|south african pop,31,64762,Mandoza,South Africa
Mango Groove,2hvddonG8JzzHuYRbmI72J,african rock|south african jazz|south african pop,30,24753,Mango Groove,South Africa
MarcAlex,0mSi7SUSt6e0JnTDlLhscd,,6,258,MarcAlex,South Africa
Margaret Singana,2wEnRmR4q5C80gLSbC29rX,xhosa,23,1534,Margaret Singana,South Africa
Markus Wormstorm,71drLE0EKMGWwlF5NDt9S8,cape town indie|south african electronic,15,1082,Markus Wormstorm,South Africa
Martin Pk,2cyyvr4iYAvKSBqaZx2rXv,,23,15512,Martin PK,South Africa
Matthew Mole,1LfnIuggAY5qQdS4sP1K86,south african pop,48,100950,Matthew Mole,South Africa
Mimi Coertse,6do5WXRtiEhpDZytFAygVA,afrikaans,6,217,Mimi Coertse,South Africa
Mind Assault,6g98sHcS5QAGZBuDqT9Mwp,african rock|south african metal,1,356,Mind Assault,South Africa
Miriam Makeba,18RkLKfeoUgZflWv9os25W,afropop|south african jazz|world|xhosa,47,155704,Miriam Makeba,South Africa
Moonchild Sanelly,6aDX1jzNVAI9enlQzW0Pgw,south african pop|south african pop dance,48,109633,Moonchild Sanelly,South Africa
Moozlie,4TvEx3QxTDbOBf5XgfNPiU,south african hip hop|south african trap,25,15627,Moozlie,South Africa
Nadia Nakai,4J1EvxzABwLaJP4NmOqV8r,south african hip hop|south african trap,38,152834,Nadia Nakai,South Africa
Nasty C,2gzWmhOZhDN6gXL49JW9qj,south african hip hop|south african trap,57,1503010,Nasty C,South Africa
Neels Mattheus,6eugAeGf2J0wBM9yB4hxLj,,0,19,Neels Mattheus,South Africa
New Academics,5j84y9wbtG7km3AtTQoOVG,african rock|south african rock,6,572,New Academics,South Africa
No Friends Of Harry,2hZMIhnpXkKrzPfBOH4vfO,african rock|south african punk,2,568,No Friends of Harry,South Africa
Okmalumkoolkat,0CaeXDVwH52TDLA0GLRo4f,kasi rap|south african hip hop,38,92849,Okmalumkoolkat,South Africa
OSKIDO,6PL23hz7B60eFrQ9pxVO9R,afro soul|kwaito|south african house|south african pop,40,126450,Oskido,South Africa
PJ Powers,0iMXaQINPQNgHWFlEvU0No,african rock|south african jazz,18,5849,PJ Powers,South Africa
Patricia Majalisa,4m7iwF8QcbQruP4M4x0N9C,,28,11044,Patricia Majalisa,South Africa
Paul Hanmer,11s57qoiAhGly26pUmZhO6,south african jazz,10,6753,Paul Hanmer,South Africa
Peta Teanet,7BeJbenrKbpNEUIsbvrl3d,afro-funk|kwaito,22,10534,Peta Teanet,South Africa
Peter Toussaint,2evpAoQr7YCaUStkPkQ6Gg,,0,22,Peter Toussaint,South Africa
Petit Cheval,7sK1BKHmcawcA5jLCUGOQn,,5,371,Petit Cheval,South Africa
Petronel Malan,58X9dNnQs5A7FfcW2P4IP1,,1,140,Petronel Malan,South Africa
Pierre De Charmoy,339YybV4RV1FvItzY8BU5O,,8,372,Pierre de Charmoy,South Africa
Pops Mohamed,1BpS3pvLEEb19kOktkdhM9,south african jazz,11,1915,Pops Mohamed,South Africa
Pretty Yende,2s7dm9RxxQaLtAXbWjQeco,classical soprano|opera,26,6855,Pretty Yende,South Africa
Prime Circle,2ZVouz4dTMifmRDJLVfySB,african rock|south african pop|south african rock,37,71104,Prime Circle,South Africa
Qkumba Zoo,6XzQc5fLTjuCchmMFFh16u,,10,728,Qkumba Zoo,South Africa
Ray Phiri,23H3SAx7PC6IUQ6CKySTsS,,6,1068,Ray Phiri,South Africa
Ricky Fataar,5mqSppSWuIzVt1pXYtMtYb,,0,27,Ricky Fataar,South Africa
Riddare av Koden,2IAqwJUe93wHJqlLMpHtEo,,0,32,Riddare av Koden,South Africa
Riku Lätti,71TWjjCKsn85hlgymBvUZ7,,0,3,Riku Lätti,South Africa
Riky Rick,61ZRdppZ5sCtl9m5gfhoGO,south african hip hop|south african trap,43,420053,Riky Rick,South Africa
Robbie Jansen,2ILY0nXmcafxS7O7owrz2i,south african jazz,6,660,Robbie Jansen,South Africa
Robert Schneider,3UTFJAiFomGrU7ugz6eLxH,,27,462,Robert Schneider,South Africa
Robin Auld,6CpsxVZkfqrhIXviITFf7e,,8,741,Robin Auld,South Africa
Roger Lucey,1ATik3TPk8fxX8ZIVSvxtr,,0,1,Roger Lucey,South Africa
Savuka,3UDSQSzFctmDSlmY75BWV7,south african country,40,1924,Savuka,South Africa
Seether,6B5c4sch27tWHAGdarpPaW,alternative metal|nu metal|post-grunge|south african rock,69,3175620,Seether,South Africa
Shane Eagle,68J4TRaqXKr8VhSg71JVdV,south african hip hop|south african trap,42,264346,Shane Eagle,South Africa
Shaun Morgan,6QI5HxtKn0BlVvbEJmVpx6,,0,97,Shaun Morgan,South Africa
Sibongile Khumalo,0Weus9dOTFjSa7Kv230UsI,kwaito|south african jazz,22,19999,Sibongile Khumalo,South Africa
Sibongiseni Shabalala,4oYkJUwwEAbNvtx2E8cI0Z,,0,0,Sibongiseni Shabalala,South Africa
Simphiwe Dana,5l39d1wBRlqBC1qhXmYCuu,afro soul|south african jazz|south african pop|xhosa,27,43897,Simphiwe Dana,South Africa
Sonja Herholdt,3r1PUQOx1VzNvHMQMPjcMx,afrikaans,19,11308,Sonja Herholdt,South Africa
South African National Youth Orchestra,6u9p76TWWIdxBYs6M1mIUQ,youth orchestra,0,3,South African National Youth Orchestra,South Africa
Springbok Nude Girls,3hz6VscKnCkBeeeiy66Qzh,african rock|afrikaans|south african rock,26,28948,Springbok Nude Girls,South Africa
Stef Bos,4Rw9pvzG1NLs1RbB8cxBfW,dutch pop|dutch rock,51,101694,Stef Bos,South Africa
Sterling EQ,7pEEWLfi9rBWb36ZTaJKB0,,20,796,Sterling EQ,South Africa
Steve Hofmeyr,3XYaWzAVTUeNetMigezvS5,afrikaans|south african country,41,224468,Steve Hofmeyr,South Africa
Steve Louw,1tDJGPhogoRKzlQVww3uAr,,11,400,Steve Louw,South Africa
Steven De Groote,5nmjMxdSlAIQGEJzomw4Uw,,0,21,Steven De Groote,South Africa
Stimela,1yMAtMXGMzshFmyog2PY6W,afro soul|kwaito|south african jazz|south african pop,31,60274,Stimela,South Africa
Stogie T,7tB6fzororeAvyt9RzKePs,south african hip hop,35,129744,Stogie T,South Africa
Straatligkinders,5UiwFnPps6GB50J7e8Q5GS,african rock|afrikaans|south african pop,24,31272,Straatligkinders,South Africa
Sugardrive,283E3ICiG1Fiec39Rxel0n,african rock|south african rock,6,3318,Sugardrive,South Africa
Surendran Reddy,4vCX2t7g8GCKdopsPCahCL,,0,5,Surendran Reddy,South Africa
TKZEE,0dOZQGyxb6MGkTnRAxKmmi,afro soul|kwaito|south african jazz|south african pop,33,76399,TKZee,South Africa
Tananas,5BBJTTFxHvX3XABSvUq5Gv,south african jazz,9,2957,Tananas,South Africa
Taxi Violence,3EVMIaXyxgpMr0RfN0tka6,african rock|cape town indie|south african rock,6,4645,Taxi Violence,South Africa
The Brother Moves On,1lk7zDKaonwqrwKwt8Krd7,south african alternative|south african rock,21,5424,The Brother Moves On,South Africa
The Parlotones,6kdqDRORMlysnNj2eIOsGs,african rock|south african pop|south african rock,32,63620,The Parlotones,South Africa
Theuns Jordaan,4FG57Vo1nipFsF1lRfYtE4,afrikaans,44,186947,Theuns Jordaan,South Africa
Thys Nywerheid,1s7JDCGyOeMurGfhrjAWbu,,0,20,Thys Nywerheid,South Africa
Tony Cedras,29KBC8Mx74werrn7Etw5kY,,8,79,Tony Cedras,South Africa
Tony Cox,1VC83A7HPppmysSNy2WoMH,,0,1,Tony Cox,South Africa
Toya Delazy,4I0iGnuW9JgdWr6WsFIHj5,south african hip hop|south african pop|south african pop dance,18,3934,Toya Delazy,South Africa
Trevor Jones,5928hF4c1MriHfAgpFf8ya,classic soundtrack|soundtrack,52,31927,Trevor Jones,South Africa
Trevor Rabin,23ukNzhMiRiYgORi3n3RJq,soundtrack,45,28200,Trevor Rabin,South Africa
Tribe After Tribe,0Q5dKdkBrsWyUIIyQRJFeD,african rock,4,819,Tribe After Tribe,South Africa
Troye Sivan,3WGpXCj9YhhfX11TToZcXP,australian pop|pop|viral pop,74,7623183,Troye Sivan,South Africa
Tumi and the Volume,0ENZWEaGOH4TwduR2jkZki,south african hip hop,16,6563,Tumi and the Volume,South Africa
Uncle Waffles,68McnNC9twEtiynOAJRRgZ,amapiano|sgija,53,252152,Uncle Waffles,South Africa
Urban Creep,0O9KMFXVdXbZI2EIweflYj,african rock|south african rock,2,326,Urban Creep,South Africa
Valiant Swart,6cnnXUEWR7vQZfL0eQuYZl,african rock|afrikaans,23,16210,Valiant Swart,South Africa
Van Coke Kartel,256RIQ6zTG7LTrRlAxB5xw,african rock|afrikaans|cape town indie|south african pop|south african rock,25,50868,Van Coke Kartel,South Africa
Vusi Mahlasela,7tUdxVCUWjTPf3Ic90eWDJ,kwaito|south african jazz,26,20429,Vusi Mahlasela,South Africa
Wargrave,4LIK8dU7usMn0iRLDBcsEg,,0,1,Wargrave,South Africa
Wendy Oldfield,5zksCdnsJx4z6PwlCl90Ek,,2,286,Wendy Oldfield,South Africa
West Nkosi,0CLADHAhbG7YIqBVlt8g6c,kwaito|south african jazz,18,4802,West Nkosi,South Africa
Wonderboom,45Ahb3Z1t6yHM2F2gFrAtx,african rock|afrikaans|south african rock,14,8333,Wonderboom,South Africa
Wouter Kellerman,10Rq3Te2tos6wrd84zWxml,afrikaans folk,22,5920,Wouter Kellerman,South Africa
Yorxe,6S4m4nLUKn7OuavvVKQWv8,,24,33428,Yorxe,South Africa
YoungstaCPT,3QYKq7aMSiAu6gvfwNNFsv,afrikaans hip hop|cape town indie|south african hip hop|south african trap,39,106518,YoungstaCPT,South Africa
Yvonne Chaka Chaka,27JX5L90Wv4SBk4FJZVQcH,afropop|kwaito|south african jazz|world,31,60435,Yvonne Chaka Chaka,South Africa
Zahara,7uLePkJ2f0MwEcphODfkuu,cantautor|spanish indie pop|spanish rock,52,225907,Zahara,South Africa
Zaki Ibrahim,0lN4VNRbAtvcJrvzlIxy1T,canadian pop,19,4318,Zaki Ibrahim,South Africa
Zanne Stapelberg,1DOi4VI9PB7VJw3hqxm2yE,,2,21,Zanne Stapelberg,South Africa
Zola,54kCbQZaZWHnwwj9VP2hn4,french hip hop|pop urbaine|rap francais,72,1531928,Zola,South Africa
Zonke,1eBaQkCXWlq1vhCLMVFdqn,afro soul|south african pop,43,256362,Zonke,South Africa
aKING,7sDD7J6PTmxXfYgIYZpBf5,african rock|cape town indie|south african pop|south african rock,28,34028,aKing,South Africa
Ifani,662gV06O18FYQ102qRlIEM,,0,131,iFANi,South Africa
Emmanuel Jal,2yWskGGwMOlBGeIAVgfsgm,south sudanese pop,39,11717,Emmanuel Jal,South Sudan
Mary Boyoi,2aCNBXZZbTAUVRPJFZLGcW,,0,0,Mary Boyoi,South Sudan
Silver X,6hruHITmgtz2tvWkkqmGpL,,0,1,Silver X,South Sudan
YABA ANGELOSI,27yfYMvJC4Ls91rKoFJdUz,south sudanese pop,3,462,Yaba Angelosi,South Sudan
Abdel Aziz El Mubarak,7rl7hf7PUimWwI7hBLQ6bB,arab folk|classic sudanese pop|nubian traditional|sudanese pop,10,3598,Abdel Aziz El Mubarak,Sudan
Abdel Gadir Salim,3Veb31WLtJfmDbXk3zm3xd,classic sudanese pop|nubian traditional|sudanese pop,11,2692,Abdel Gadir Salim,Sudan
Emmanuel Jal,2yWskGGwMOlBGeIAVgfsgm,south sudanese pop,39,11717,Emmanuel Jal,Sudan
Mohammed Wardi,313bd0jXbLkPKmko793BuU,classic sudanese pop|nubian traditional|sudanese pop,10,3220,Mohammed Wardi,Sudan
Tendaness,7dY6wxtWc7wx7qfkk0TJe5,swazi pop,3,333,Tendaness,Swaziland
Alikiba,2nGoKcLdXktxEXvMdTDsIT,bongo flava|tanzanian pop,43,233187,Ali Kiba,Tanzania
Bi Kidude,1PGr1fHQVNKnggMkrirgqw,taarab|tanzanian traditional,7,2701,Bi Kidude,Tanzania
Billnass,2M65k1sV0TdWJxtHBR4YI4,bongo flava|tanzanian pop,37,29262,Bill Nass,Tanzania
Carola Kinasha,2FVnDVdPGzuWhLnFuTZ39N,,0,21,Carola Kinasha,Tanzania
Diamond Platnumz,3cAisWS37sGCCtRgWfvrod,azontobeats|bongo flava|tanzanian pop,57,692029,Diamond Platnumz,Tanzania
Lady Jaydee,0ZKCb65YNJBoBaC3gMTijS,bongo flava|tanzanian pop,30,37106,Lady Jaydee,Tanzania
PROFESSOR JAY,1Q5oCRnwsddhlxhXLSXuiK,azontobeats|bongo flava,27,27515,Professor Jay,Tanzania
Rayvanny,7G9dCn1mqomAa0ucJoBm6J,bongo flava|tanzanian hip hop|tanzanian pop,54,365441,Rayvanny,Tanzania
Remmy Ongala,7giCfi1VeSuby1a7wdMla1,zilizopendwa,18,4003,Remmy Ongala,Tanzania
Saida Karoli,0GYjcihQFjuhWNir9ZiSSd,tanzanian pop|tanzanian traditional,17,7499,Saida Karoli,Tanzania
Vanessa Mdee,3RCH5MEaTPKsJwPzqGQ1w7,bongo flava|tanzanian pop,28,91606,Vanessa Mdee,Tanzania
Bella Bellow,5TwsO0WYUpX84VHOdqLirE,togolese pop,12,2757,Bella Bellow,Togo
Elikeh,2HULOj9TBMNEAji0thvZez,,1,204,Elikeh,Togo
King Mensah,2efiO8X5g4j8zlNXBoUVM2,togolese pop,18,6304,King Mensah,Togo
Dhafer Youssef,5UefiThiZ352HWMOgZvOhx,arab folk|arabic jazz|oud,39,100794,Dhafer Youssef,Tunisia
Afrigo Band,6vFSAbSaGakYf1bKUp79Zl,kadongo kamu|ugandan pop,13,8835,Afrigo Band,Uganda
ALLAN TONIKS,5uLEt18awSsO8Ne5gkxM9s,ugandan pop,23,8877,Allan Toniks,Uganda
Angela Kalule,5Avt6RWKqAxYiadur6sxYi,ugandan pop,2,798,Angela Kalule,Uganda
Angella Katatumba,3BZGocZ7Vqpy6YpQHkBygx,,0,0,Angella Katatumba,Uganda
Aziz Azion,5A4WNUoNE2OHg8hbn0wzDi,ugandan pop,16,14296,Aziz Azion,Uganda
Babaluku,7eX9MtAPLKsPDVOxq2JTql,,0,7,Babaluku,Uganda
Bataka Squad,3CHoz4APC1rGD5ogsorRrM,,2,59,Bataka Squad,Uganda
Bebe Cool,6x4C5hivCmfL4SIluxGV81,ugandan pop,31,62086,Bebe Cool,Uganda
Benon Mugumbya,6kEvWwJvspmpnKbyekaNtL,,5,80,Benon Mugumbya,Uganda
Bobi Wine,6d7TH1WmN4YI15WAygkuMR,ugandan pop,26,59522,Bobi Wine,Uganda
Bosmic Otim,4pxVl7yJpPGTCgeQfmT5HD,african electronic,0,380,Bosmic Otim,Uganda
Chosen Becky,7biE5oHnPv23DEVweLAS5D,ugandan pop,17,2501,Chosen Becky,Uganda
dj shiru,70rw7Lj6kVRFUZ6m30LxxI,,0,3,DJ Shiru,Uganda
David Lutalo,6oSfZEWn2BRxv81M5JwKXl,azontobeats|ugandan pop,28,54400,David Lutalo,Uganda
Desire Luzinda,3OnEyj0ZVdiaABv3flImAC,ugandan pop,7,8208,Desire Luzinda,Uganda
Eddy Kenzo,3eTpitQsrNQdmkQJHS2v2j,azontobeats|eritrean pop|ugandan pop,40,90398,Eddy Kenzo,Uganda
Elly Wamala,6aOo3kVBYUVtWKL3tRI1tD,,8,4,Elly Wamala,Uganda
Fik Fameica,4pTCPk9pqZ06ggZvk7F4Z5,ugandan hip hop|ugandan pop,31,48960,Fik Fameica,Uganda
Frank Mbalire,5So9gb7RtekEztGTtGlU3g,,0,0,Frank Mbalire,Uganda
Fresh Kid Uganda,2qbEmk5hokoAyrNfxFvMCt,,0,186,Fresh Kid Uganda,Uganda
Gnl Zamba,0tEJn5RI5zOHwSlbDkBiDP,ugandan hip hop|ugandan pop,21,19889,GNL Zamba,Uganda
Geoffrey Oryema,4JzBPiRKBOG8U0jef4M60l,afropop|world,40,39251,Geoffrey Oryema,Uganda
Giovanni Kiyingi,3cIJpG8JJOxe5G8f3ZpLBv,,9,753,Giovanni Kiyingi,Uganda
Grace Nakimera,24XEAtmrCfwaHkaY0vPvf4,ugandan gospel|ugandan pop,7,7849,Grace Nakimera,Uganda
Gravity Omutujju,6nxjPyAUGxuhWX68nT7oko,ugandan pop,13,6788,Gravity Omutujju,Uganda
Halima Namakula,4mJ6p4IdXiTsi8XDfr9WBI,,0,25,Halima Namakula,Uganda
Henry Tigan,4upZy8u9qZc5uUZ5w8Z3Eo,ugandan pop,6,4793,Henry Tigan,Uganda
Irene Ntale,1jDjOhgibO7KheCwzZ1W5W,ugandan pop,21,33460,Irene Ntale,Uganda
Iryn Namubiru,3wL9WpeM5kjkIw3CxIRIDf,ugandan pop,18,22956,Iryn Namubiru,Uganda
Isaiah Katumwa,6OPe0VU4tE6WsIyYZatf1l,ugandan gospel,11,1702,Isaiah Katumwa,Uganda
Jackie Akello,50YafcgPn1aU2qfNXm4ElP,,0,6,Jackie Akello,Uganda
Jackie Chandiru,2PCqQ864PlIgl6u7l4JH5o,,1,86,Jackie Chandiru,Uganda
Janzi Band,0rgq234vSpvvDpvRKCgSnW,,3,62,Janzi Band,Uganda
Jimmy Katumba,1WuWSNfcjuYOWqIzhEuEZN,,1,158,Jimmy Katumba,Uganda
JOANITA KAWALYA,1GFaRZz2Hm2gM0QSpKh4co,,0,2,Joanita Kawalya,Uganda
John Blaq,4IbZQdYTpGIrF4EvUJcAEl,ugandan pop,30,36862,John Blaq,Uganda
Jose Chameleone,6nTXL0DkmSqjvcKjn6hCUz,azontobeats|bongo flava|ugandan pop,31,65069,Jose Chameleone,Uganda
Judith Babirye,58sGxxxniflzmZGPJWKnNr,ugandan gospel|ugandan pop,28,40737,Judith Babirye,Uganda
Juliana Kanyomozi,3v54gVfDRlrLfvFYUQ0J1a,ugandan pop,26,37655,Juliana Kanyomozi,Uganda
Julie Mutesasira,0HTIu8FwZJkqMYMnmQKF0Z,,0,12,Julie Mutesasira,Uganda
KLEAR KUT,24eIlhXd2mrqFceOv6Llcc,,0,3,Klear Kut,Uganda
Leila Kayondo,4w5eQxIZE4nPa8nl5iEozE,,0,0,Leila Kayondo,Uganda
Levixone,25rO4hD9VXGMFFfK7zI5lW,ugandan gospel|ugandan pop,28,10818,Levixone,Uganda
Lilian Mbabazi,2Ii7NNMUuWJIYfUwd5oJ50,,0,3,Lilian Mbabazi,Uganda
Lumix Da Don,17cPUXtHYOkPyqkC1j8A5X,,0,104,Lumix Da Don,Uganda
Lydia Jazmine,3iIWxRdX4e7W4ZD2urn7WM,ugandan pop,27,40351,Lydia Jazmine,Uganda
Master Blaster,0x6v7KDiu5YRgHIx7d2Qkm,eurodance|hands up,47,36025,Master Blaster,Uganda
Maurice Kirya,74irFmh7k7vfTa2QXwI729,ugandan gospel|ugandan pop,21,7467,Maurice Kirya,Uganda
MICHAEL ROSS KAKOOZA,4o2SUk3FQDtQK54boXGX8C,,0,7,Michael Ross Kakooza,Uganda
Moses Matovu,2w4GYPJgXRqD6ZXSya2T2T,,0,1,Moses Matovu,Uganda
Nince Henry,59tYzVukXioDvPH4GARPWf,ugandan pop,15,1718,Nince Henry,Uganda
Pallaso,6U4AfG84hnUE6pzjoS1cz5,ugandan pop,27,60069,Pallaso,Uganda
Papa Cidy,4JHQmrshNeIXLtyDlguluj,azontobeats|ugandan pop,15,3975,Papa Cidy,Uganda
Peter Miles,4QFuGo4kAuQq92YwfojZC6,,0,3,Peter Miles,Uganda
Phina Mugerwa,4nLzz0UzfwPTZTgHMqCvUj,kadongo kamu|ugandan pop,0,3,Phina Mugerwa,Uganda
Radio and Weasle,4yDao77LcUQnxwLv2dD10S,,6,20,Radio and Weasle,Uganda
Ragga Dee,1W1CHXxO04HwlOQzXnzxm3,,0,28,Ragga Dee,Uganda
Rema namakula,2444nM3S18PKjvdsXNNLdr,ugandan pop,27,23355,Rema Namakula,Uganda
Ruyonga,63MEpJIke7xjePGc1pksKQ,,0,0,Ruyonga,Uganda
Sheebah Karungi,5HwCHe2TkWMfGGpk2A8aku,ugandan pop,15,45825,Sheebah Karungi,Uganda
Sister Charity,0iILGU5kRfEU3hQsA4Om8D,,0,5,Sister Charity,Uganda
Sophie Gombya,5ZVOCrsGKLy1vfPuQtdnGs,,0,57,Sophie Gombya,Uganda
Spice Diana,0l4viSdndwVHufMRZposyM,ugandan pop,28,59071,Spice Diana,Uganda
Ssewa Ssewa,4zPTV5Nx9YYoHjS0RSuZni,,1,145,Ssewa Ssewa,Uganda
Stecia Mayanja,6XLdtXQWMJKeoH3i04966T,,0,5,Stecia Mayanja,Uganda
Suzan Kerunen,2aNSI0ak2Os9PHD11PdkHr,,0,58,Suzan Kerunen,Uganda
Sylver Kyagulanyi,6Dg5zTboEchzPQNNAkMDBX,ugandan gospel|ugandan pop,21,10651,Sylver Kyagulanyi,Uganda
Tshila,5MzXiQ761tBB5QPrGT9iOv,kadongo kamu,0,106,Tshila,Uganda
Undercover Brothers Ug,0Zwf24jKvuJKn7EZIDhrws,,0,9,Undercover Brothers Ug,Uganda
Vampino,6hxBnQMFqxpgd0Af5KzXbF,,0,0,Vampino,Uganda
Viboyo,2NQ6Eg3LWowzr1NY7aIsMh,,6,3,Viboyo,Uganda
Alick Nkhata,4JQ1nHDrd8PiHwg7r8Pbeb,,1,148,Alick Nkhata,Zambia
Ballad Zulu,2v1400z5DiKRiiwMCnf4j6,,0,4,Ballad Zulu,Zambia
Chef 187,26fSO7cYQ1Txtb8xNi8byv,zambian hip hop|zambian pop,40,40128,Chef 187,Zambia
Jordan Katembula,4uovqwoiV8WH7XADhOna2F,,0,0,Jordan Katembula,Zambia
Larry Maluma,6dj9ngQzothMhLmR4gyvDU,,8,1248,Larry Maluma,Zambia
Macky 2,2B9wl8Hw9DoQK4o6uegVmM,zambian hip hop|zambian pop,22,19195,Macky 2,Zambia
Maiko Zulu,4gMNFyCQg9UylhooY0pwxk,,0,25,Maiko Zulu,Zambia
Nashil Pichen,0J2DM2iJpuBUac1CHZQ3yJ,,2,53,Nashil Pichen,Zambia
Oc Osilliation,6NsLTA9gn94tZQJucKSSf6,,0,0,OC Osilliation,Zambia
Paul Ngozi,0yIAVJQZARmrPX30gG4Vfk,,7,1983,Paul Ngozi,Zambia
Petersen Zagaze,2WOwxPeJZ4vDWCOEL04pNS,,0,1,Petersen Zagaze,Zambia
Yo Maps,6ctMiUYEAd4cy0CaH355Hk,zambian hip hop,42,42476,Yo Maps,Zambia
Yvonne Mwale,66R1HP0A1eS0qzKF9eiHIA,,0,0,Yvonne Mwale,Zambia
Zone Fam,5Qmntl0RXSWSqkFIoEqElY,,0,0,Zone Fam,Zambia
Albert Nyathi,3Sx97QbF2qSETezNcasz0Z,,0,6,Albert Nyathi,Zimbabwe
Alick Macheso,0uyXaLt4eaKWMf014dufoF,sungura|zim urban groove,30,29589,Alick Macheso,Zimbabwe
Audius Mtawarira,27gZP6c0VrFG05lilDqwTO,zim urban groove,5,1771,Audius Mtawarira,Zimbabwe
August Msarurgwa,2ndQW5BNprqVyn1eUzS1OH,,0,13,August Msarurgwa,Zimbabwe
Berita,5I5uSqffwEQVxqTbsmqxNQ,afro soul|south african pop,33,82732,Berita,Zimbabwe
Bhundu Boys,1go9tNzsvkMdk5MfjFooCH,afropop|chimurenga|sungura|zim urban groove,16,10836,Bhundu Boys,Zimbabwe
Buffalo Souljah,6B7W3mlBoOfdLtQzJyyBcA,zimdancehall,23,1378,Buffalo Souljah,Zimbabwe
BUSI NCUBE,63enNYsvcumdOdws7oW16y,,0,1,Busi Ncube,Zimbabwe
Carol Mujokoro,3TEZ3X4z5JlAbOhgBurndJ,zim gospel,5,406,Carol Mujokoro,Zimbabwe
Charity Zisengwe,74CJqtuIgvSvZjjHXgCPnm,,0,18,Charity Zisengwe,Zimbabwe
Charles Charamba,1uNVfRepbbPKq02HVWYH3j,zim gospel|zim urban groove,26,22897,Charles Charamba,Zimbabwe
Chartwell Dutiro,3hBfHAnMEd4L3oHj9re3XO,mbira|zim urban groove,3,507,Chartwell Dutiro,Zimbabwe
Chirikure Chirikure,06vV0uCGEFMlttVw3trYbS,,0,9,Chirikure Chirikure,Zimbabwe
Clem Tholet,6VOuRmUEqffkq5Yd6WbQa7,,15,353,Clem Tholet,Zimbabwe
Derek Hudson,4VBclAR6MmZ2Hv4uNP060a,,0,8,Derek Hudson,Zimbabwe
Diego Tryno,4JVZ5PPRKsoKkrmpM4FMRd,,0,3,Diego Tryno,Zimbabwe
Dizzy Dee,3uqTi0ZLrYpkIzDPE14YqH,,9,480,Dizzy Dee,Zimbabwe
Dorothy Masuka,0NDTJJ0OGbMO8cGYqkbwa8,kwaito|south african jazz|zim urban groove,18,10576,Dorothy Masuka,Zimbabwe
Dumisani Maraire,3MsIhuE6FMukz5f1I9DLVL,mbira|zim urban groove,13,861,Dumisani Maraire,Zimbabwe
Edith Weutonga,3YOx3hlN3m4qHVCVJTVtU0,,0,33,Edith WeUtonga,Zimbabwe
Ephat Mujuru,5RkBGuRR0qX61UafP4bFv3,,1,11,Ephat Mujuru,Zimbabwe
Eric Moyo,2Styj0nFo313exISP9mHwX,,0,3,Eric Moyo,Zimbabwe
Flint Bedrock,58PpYdKSWhtsTw29Y85xFX,,0,138,Flint Bedrock,Zimbabwe
Forward Kwenda,3EO4wj7OEh6qqVY9AYrR8X,chimurenga|mbira,3,430,Forward Kwenda,Zimbabwe
Garikayi Tirikoti,00A7IgRpCsbAgIs6swHh8R,mbira|zim urban groove,3,320,Garikayi Tirikoti,Zimbabwe
Hope Masike,4Yc8E8115WGf2BzykRGAnJ,,6,902,Hope Masike,Zimbabwe
Jah Prayzah,13JLy7UFJgqRypeQGbucP3,mbira|zimdancehall,48,93122,Jah Prayzah,Zimbabwe
James Chimombe,7tU55IugwgiHtfX25hHbmU,sungura|zim urban groove,24,12390,James Chimombe,Zimbabwe
John Edmond,0FG3sGMdajorljcsUwlLKY,south african country,32,4292,John Edmond,Zimbabwe
Jonah Sithole,6lTY5kYdCHXxNQbPFWFggm,chimurenga,2,87,Jonah Sithole,Zimbabwe
Leonard Mapfumo,0BbzDYFFtbrjYct0t9aHqd,zim urban groove,14,1812,Leonard Mapfumo,Zimbabwe
Leonard Zhakata,6ReG5vfHZR8Ur7Kv1jrpKD,sungura|venda pop|zim urban groove,24,24586,Leonard Zhakata,Zimbabwe
Louis Mhlanga,2rGijjw2ts6q9FJGO7QYRo,south african jazz|zim urban groove,16,4656,Louis Mhlanga,Zimbabwe
Lovemore Majaivana,3dP0Kd8qWuRg4WvuiKj4NA,sungura|zim urban groove,20,3459,Lovemore Majaivana,Zimbabwe
Maskiri,6YteZifXSk5hcidEQkUHMm,,0,12,Maskiri,Zimbabwe
Mbira DzeNharira,1SyGy6XVuc7Pf1PVZtgNsc,mbira|zim urban groove,17,1333,Mbira dzeNharira,Zimbabwe
Michael Gibbs,2C5PLoaKem5HxxnbbwcS27,,0,4,Michael Gibbs,Zimbabwe
Mkhululi Bhebhe,00xo8NzfgQpO0MyVPikV6l,south african gospel,9,1566,Mkhululi Bhebhe,Zimbabwe
Mono Mukundu,7DIJIu73knOq0o6TOwSLtK,sungura|zim urban groove,0,87,Mono Mukundu,Zimbabwe
Mudiwa Hood,5iTjEPuACRYTtVq1gCOQX9,,4,284,Mudiwa Hood,Zimbabwe
Musekiwa Chingodza,71h7VkF40lAIpho6YoXqKV,mbira|zim urban groove,0,138,Musekiwa Chingodza,Zimbabwe
Obi Mhondera,5r2ZdQxzHXHp4WTj7tgfXz,,1,5,Obi Mhondera,Zimbabwe
Oliver Mtukudzi,0HC2dfJHpORLT21AxEiTXJ,afropop|chimurenga|mbira|south african jazz|sungura|venda pop|zilizopendwa|zim urban groove,44,165476,Oliver Mtukudzi,Zimbabwe
Olivia Charamba,73XUQl4L9FaB6sZaXOfpzX,,0,90,Olivia Charamba,Zimbabwe
Paul Matavire,3M6p7uzGLjJZrrTaK0IgU5,sungura|zim urban groove,20,14404,Paul Matavire,Zimbabwe
Prince Kudakwashe Musarurwa,0GLohFCva443WrPaypeWIR,mbira,7,226,Prince Kudakwashe Musarurwa,Zimbabwe
Sam Mtukudzi,1MSnpAftkF48xRsn5jXHSv,sungura,18,2438,Sam Mtukudzi,Zimbabwe
Shingisai Suluma,0trvzgdDbwssZjo3WFT1q8,zim gospel,18,7998,Shingisai Suluma,Zimbabwe
Siyaya,1difNXOBxR2tgdCMcNLjEM,zim urban groove,6,17,Siyaya,Zimbabwe
Solomon Skuza,2c7dGNEgUKwFw5Rizx7jwC,sungura|zim urban groove,17,4150,Solomon Skuza,Zimbabwe
Stella Chiweshe,2RHRy13i2XKC0RHGWgxZjk,mbira|zim urban groove,19,8684,Stella Chiweshe,Zimbabwe
System Tazvida,2czxn94tl4uqFPLfNgNdCh,sungura|zim urban groove,20,12320,System Tazvida,Zimbabwe
Takura,5h7nWgcp5DTynhz4iaq0Ri,zim hip hop|zimdancehall,42,9244,Takura,Zimbabwe
Tehn Diamond,1M1M54b7J6XmFUB7QkAbPb,zim hip hop,2,305,Tehn Diamond,Zimbabwe
Thomas Mapfumo,4kfGq6bSxmsRIfwfqytM7o,chimurenga|mbira|zim urban groove,26,32624,Thomas Mapfumo,Zimbabwe
Tkay Maidza,1kMPdZQVdUhMDKDWOJM5iK,alternative r&b|australian hip hop,54,174389,Tkay Maidza,Zimbabwe
Tocky Vibes,5MMsrC0IgfdxJFN0ogEOA3,zimdancehall,30,24163,Tocky Vibes,Zimbabwe
Tongai Moyo,4sNxu1P8wBq9CHe2v94r2p,sungura|zim urban groove,21,16042,Tongai Moyo,Zimbabwe
Victor Kunonga,2NvXCZGdDQkzXP6Lxz84WK,,0,2,Victor Kunonga,Zimbabwe
Vusa Mkhaya,1Zcfa6xRf2ZShaD9lcVR8E,south african gospel|zim urban groove,16,729,Vusa Mkhaya,Zimbabwe
Winky D,2zFOy7V1b9u32uHLQ9fGni,zim urban groove|zimdancehall,38,54307,Winky D,Zimbabwe
Zeke Manyika,1jYJpzl4Ytb9eXGoFprU0n,,25,392,Zeke Manyika,Zimbabwe
